policy,step,total_bits,exported_bits,retained_bits,contraction_bits,sorted_bits,destroyed_bits,step_efficiency,cumulative_efficiency,capacity_bits,record_entropy_bits,sector_exported_bits,protected_leakage_bits,bandwidth_slack_bits
classical_collapse,0,3.169925,0.000000,3.169925,0.000000,0.000000,0.000000,,,0.000000,0.000000,0.000000,0.000000,
classical_collapse,1,3.011429,0.000000,3.011429,0.158496,0.000000,0.158496,0.000000,0.000000,1.000000,0.881291,0.000000,0.000000,0.158496
classical_collapse,2,2.765760,0.000000,2.765760,0.245669,0.000000,0.245669,0.000000,0.000000,1.000000,0.881291,0.000000,0.000000,0.245669
classical_collapse,3,2.438076,0.000000,2.438076,0.327683,0.000000,0.327683,0.000000,0.000000,1.000000,0.881291,0.000000,0.000000,0.327683
classical_collapse,4,2.044329,0.000000,2.044329,0.393747,0.000000,0.393747,0.000000,0.000000,1.000000,0.881291,0.000000,0.000000,0.393747
classical_collapse,5,1.614110,0.000000,1.614110,0.430219,0.000000,0.430219,0.000000,0.000000,1.000000,0.881291,0.000000,0.000000,0.430219
classical_collapse,6,1.187292,0.000000,1.187292,0.426818,0.000000,0.426818,0.000000,0.000000,1.000000,0.881291,0.000000,0.000000,0.426818
classical_collapse,7,0.804662,0.000000,0.804662,0.382630,0.000000,0.382630,0.000000,0.000000,1.000000,0.881291,0.000000,0.000000,0.382630
classical_collapse,8,0.496632,0.000000,0.496632,0.308030,0.000000,0.308030,0.000000,0.000000,1.000000,0.881291,0.000000,0.000000,0.308030
classical_collapse,9,0.275603,0.000000,0.275603,0.221030,0.000000,0.221030,0.000000,0.000000,1.000000,0.881291,0.000000,0.000000,0.221030
classical_collapse,10,0.135518,0.000000,0.135518,0.140085,0.000000,0.140085,0.000000,0.000000,1.000000,0.881291,0.000000,0.000000,0.140085
classical_collapse,11,0.058005,0.000000,0.058005,0.077513,0.000000,0.077513,0.000000,0.000000,1.000000,0.000000,0.000000,0.000000,0.077513
classical_collapse,12,0.021125,0.000000,0.021125,0.036880,0.000000,0.036880,0.000000,0.000000,1.000000,0.000000,0.000000,0.000000,0.036880
classical_collapse,13,0.006347,0.000000,0.006347,0.014779,0.000000,0.014779,0.000000,0.000000,1.000000,0.000000,0.000000,0.000000,0.014779
classical_collapse,14,0.001503,0.000000,0.001503,0.004844,0.000000,0.004844,0.000000,0.000000,1.000000,0.000000,0.000000,0.000000,0.004844
classical_collapse,15,0.000260,0.000000,0.000260,0.001242,0.000000,0.001242,0.000000,0.000000,1.000000,0.000000,0.000000,0.000000,0.001242
classical_collapse,16,0.000028,0.000000,0.000028,0.000232,0.000000,0.000232,0.000000,0.000000,1.000000,0.000000,0.000000,0.000000,0.000232
classical_collapse,17,0.000002,0.000000,0.000002,0.000026,0.000000,0.000026,0.000000,0.000000,1.000000,0.000000,0.000000,0.000000,0.000026
classical_collapse,18,0.000000,0.000000,0.000000,0.000002,0.000000,0.000002,0.000000,0.000000,1.000000,0.000000,0.000000,0.000000,0.000002
classical_collapse,19,0.000000,0.000000,0.000000,0.000000,0.000000,0.000000,0.000000,0.000000,1.000000,0.000000,0.000000,0.000000,0.000000
classical_collapse,20,0.000000,0.000000,0.000000,0.000000,0.000000,0.000000,0.000000,0.000000,1.000000,0.000000,0.000000,0.000000,0.000000
classical_collapse,21,0.000000,0.000000,0.000000,0.000000,0.000000,0.000000,0.000000,0.000000,1.000000,0.000000,0.000000,0.000000,0.000000
classical_collapse,22,0.000000,0.000000,0.000000,0.000000,0.000000,0.000000,0.000000,0.000000,1.000000,0.000000,0.000000,0.000000,0.000000
classical_collapse,23,0.000000,0.000000,0.000000,0.000000,0.000000,0.000000,0.000000,0.000000,1.000000,0.000000,0.000000,0.000000,0.000000
classical_collapse,24,0.000000,0.000000,0.000000,0.000000,0.000000,0.000000,,0.000000,1.000000,0.000000,0.000000,0.000000,0.000000
over_driven_sorter,0,3.169925,0.000000,3.169925,0.000000,0.000000,0.000000,,,0.000000,0.000000,0.000000,0.000000,
over_driven_sorter,1,3.011429,0.475489,2.535940,0.633985,0.475489,0.158496,0.750000,0.750000,2.000000,1.356780,0.475489,0.000000,0.158496
over_driven_sorter,2,2.778289,0.808331,1.969958,0.565982,0.332842,0.233140,0.588079,0.673627,2.000000,1.214133,0.808331,0.000000,0.233140
over_driven_sorter,3,2.499589,1.037709,1.461880,0.508078,0.229378,0.278699,0.451463,0.607542,2.000000,1.104910,1.037709,0.000000,0.278699
over_driven_sorter,4,2.213295,1.190602,1.022693,0.439187,0.152893,0.286294,0.348127,0.554482,2.000000,1.009996,1.190602,0.000000,0.286294
over_driven_sorter,5,1.954664,1.287441,0.667223,0.355471,0.096840,0.258631,0.272426,0.514421,2.000000,0.914671,1.287441,0.000000,0.258631
over_driven_sorter,6,1.746973,1.344830,0.402144,0.265079,0.057388,0.207691,0.216495,0.485887,2.000000,0.806560,1.344830,0.000000,0.207691
over_driven_sorter,7,1.598090,1.376236,0.221854,0.180290,0.031407,0.148883,0.174200,0.466826,2.000000,0.677564,1.376236,0.000000,0.148883
over_driven_sorter,8,1.502842,1.391928,0.110914,0.110940,0.015691,0.095248,0.141440,0.455025,2.000000,0.529640,1.391928,0.000000,0.095248
over_driven_sorter,9,1.448673,1.399006,0.049667,0.061247,0.007079,0.054168,0.115578,0.448362,2.000000,0.377091,1.399006,0.000000,0.054168
over_driven_sorter,10,1.421492,1.401857,0.019636,0.030031,0.002850,0.027181,0.094909,0.444993,2.000000,0.240181,1.401857,0.000000,0.027181
over_driven_sorter,11,1.410919,1.405225,0.005694,0.013942,0.003369,0.010574,0.241605,0.444097,2.000000,0.307107,1.405225,0.000000,0.010574
over_driven_sorter,12,1.406905,1.405225,0.001680,0.004014,0.000000,0.004014,0.000000,0.443534,2.000000,0.074420,1.405225,0.000000,0.004014
over_driven_sorter,13,1.405628,1.405225,0.000403,0.001276,0.000000,0.001276,0.000000,0.443356,2.000000,0.031420,1.405225,0.000000,0.001276
over_driven_sorter,14,1.405300,1.405225,0.000075,0.000329,0.000000,0.000329,0.000000,0.443310,2.000000,0.010896,1.405225,0.000000,0.000329
over_driven_sorter,15,1.405235,1.405225,0.000010,0.000065,0.000000,0.000065,0.000000,0.443301,2.000000,0.002983,1.405225,0.000000,0.000065
over_driven_sorter,16,1.405226,1.405225,0.000001,0.000009,0.000000,0.000009,0.000000,0.443299,2.000000,0.000604,1.405225,0.000000,0.000009
over_driven_sorter,17,1.405225,1.405225,0.000000,0.000001,0.000000,0.000001,0.000000,0.443299,2.000000,0.000079,1.405225,0.000000,0.000001
over_driven_sorter,18,1.405225,1.405225,0.000000,0.000000,0.000000,0.000000,0.000000,0.443299,2.000000,0.000007,1.405225,0.000000,0.000000
over_driven_sorter,19,1.405225,1.405225,0.000000,0.000000,0.000000,0.000000,0.000000,0.443299,2.000000,0.000000,1.405225,0.000000,0.000000
over_driven_sorter,20,1.405225,1.405225,0.000000,0.000000,0.000000,0.000000,0.000000,0.443299,2.000000,0.000000,1.405225,0.000000,0.000000
over_driven_sorter,21,1.405225,1.405225,0.000000,0.000000,0.000000,0.000000,0.000000,0.443299,2.000000,0.000000,1.405225,0.000000,0.000000
over_driven_sorter,22,1.405225,1.405225,0.000000,0.000000,0.000000,0.000000,,0.443299,2.000000,0.000000,1.405225,0.000000,0.000000
over_driven_sorter,23,1.405225,1.405225,0.000000,0.000000,0.000000,0.000000,,0.443299,2.000000,0.000000,1.405225,0.000000,0.000000
over_driven_sorter,24,1.405225,1.405225,0.000000,0.000000,0.000000,0.000000,,0.443299,2.000000,0.000000,1.405225,0.000000,0.000000
sort_then_contract,0,3.169925,0.000000,3.169925,0.000000,0.000000,0.000000,,,0.000000,0.000000,0.000000,0.000000,
sort_then_contract,1,3.169925,0.475489,2.694436,0.475489,0.475489,0.000000,1.000000,1.000000,2.000000,1.356780,0.475489,0.000000,0.000000
sort_then_contract,2,3.169925,0.808331,2.361594,0.332842,0.332842,0.000000,1.000000,1.000000,2.000000,1.108554,0.808331,0.000000,0.000000
sort_then_contract,3,3.169925,1.041320,2.128605,0.232989,0.232989,0.000000,1.000000,1.000000,2.000000,0.856793,1.041320,0.000000,0.000000
sort_then_contract,4,3.169925,1.204413,1.965512,0.163093,0.163093,0.000000,1.000000,1.000000,2.000000,0.637158,1.204413,0.000000,0.000000
sort_then_contract,5,3.169925,1.318578,1.851347,0.114165,0.114165,0.000000,1.000000,1.000000,2.000000,0.462415,1.318578,0.000000,0.000000
sort_then_contract,6,3.169925,1.398493,1.771432,0.079915,0.079915,0.000000,1.000000,1.000000,2.000000,0.330658,1.398493,0.000000,0.000000
sort_then_contract,7,3.169925,1.454434,1.715491,0.055941,0.055941,0.000000,1.000000,1.000000,2.000000,0.234361,1.454434,0.000000,0.000000
sort_then_contract,8,3.169925,1.493593,1.676332,0.039159,0.039159,0.000000,1.000000,1.000000,2.000000,0.165245,1.493593,0.000000,0.000000
sort_then_contract,9,3.169925,1.521004,1.648921,0.027411,0.027411,0.000000,1.000000,1.000000,2.000000,0.116157,1.521004,0.000000,0.000000
sort_then_contract,10,3.169925,1.540191,1.629734,0.019188,0.019188,0.000000,1.000000,1.000000,2.000000,0.081507,1.540191,0.000000,0.000000
sort_then_contract,11,3.169925,3.125154,0.044771,1.584963,1.584963,0.000000,1.000000,1.000000,2.000000,1.584963,1.540191,1.584963,0.000000
sort_then_contract,12,3.169925,3.169925,0.000000,0.044771,0.044771,0.000000,1.000000,1.000000,2.000000,0.086035,1.584963,1.584963,0.000000
sort_then_contract,13,3.169925,3.169925,0.000000,0.000000,0.000000,0.000000,,1.000000,2.000000,0.634310,1.584963,1.584963,0.000000
sort_then_contract,14,3.169925,3.169925,0.000000,0.000000,0.000000,0.000000,,1.000000,2.000000,0.025735,1.584963,1.584963,0.000000
sort_then_contract,15,3.169925,3.169925,0.000000,0.000000,0.000000,0.000000,,1.000000,2.000000,0.101490,1.584963,1.584963,0.000000
sort_then_contract,16,3.169925,3.169925,0.000000,0.000000,0.000000,0.000000,,1.000000,2.000000,0.008929,1.584963,1.584963,0.000000
sort_then_contract,17,3.169925,3.169925,0.000000,0.000000,0.000000,0.000000,,1.000000,2.000000,0.016238,1.584963,1.584963,0.000000
sort_then_contract,18,3.169925,3.169925,0.000000,0.000000,0.000000,0.000000,,1.000000,2.000000,0.002198,1.584963,1.584963,0.000000
sort_then_contract,19,3.169925,3.169925,0.000000,0.000000,0.000000,0.000000,,1.000000,2.000000,0.002598,1.584963,1.584963,0.000000
sort_then_contract,20,3.169925,3.169925,0.000000,0.000000,0.000000,0.000000,,1.000000,2.000000,0.000475,1.584963,1.584963,0.000000
sort_then_contract,21,3.169925,3.169925,0.000000,0.000000,0.000000,0.000000,,1.000000,2.000000,0.000416,1.584963,1.584963,0.000000
sort_then_contract,22,3.169925,3.169925,0.000000,0.000000,0.000000,0.000000,,1.000000,2.000000,0.000096,1.584963,1.584963,0.000000
sort_then_contract,23,3.169925,3.169925,0.000000,0.000000,0.000000,0.000000,,1.000000,2.000000,0.000067,1.584963,1.584963,0.000000
sort_then_contract,24,3.169925,3.169925,0.000000,0.000000,0.000000,0.000000,,1.000000,2.000000,0.000018,1.584963,1.584963,0.000000
centralizing_sorter,0,3.169925,0.000000,3.169925,0.000000,0.000000,0.000000,,,0.000000,0.000000,0.000000,0.000000,
centralizing_sorter,1,3.169925,0.950978,2.218948,0.950978,0.950978,0.000000,1.000000,1.000000,3.321928,1.832268,0.475489,0.475489,0.000000
centralizing_sorter,2,3.169925,1.616662,1.553263,0.665684,0.665684,0.000000,1.000000,1.000000,3.321928,1.441396,0.808331,0.808331,0.000000
centralizing_sorter,3,3.169925,2.082641,1.087284,0.465979,0.465979,0.000000,1.000000,1.000000,3.321928,1.089782,1.041320,1.041320,0.000000
centralizing_sorter,4,3.169925,2.408826,0.761099,0.326185,0.326185,0.000000,1.000000,1.000000,3.321928,0.800250,1.204413,1.204413,0.000000
centralizing_sorter,5,3.169925,2.637156,0.532769,0.228330,0.228330,0.000000,1.000000,1.000000,3.321928,0.576579,1.318578,1.318578,0.000000
centralizing_sorter,6,3.169925,2.796986,0.372939,0.159831,0.159831,0.000000,1.000000,1.000000,3.321928,0.410573,1.398493,1.398493,0.000000
centralizing_sorter,7,3.169925,2.908868,0.261057,0.111882,0.111882,0.000000,1.000000,1.000000,3.321928,0.290302,1.454434,1.454434,0.000000
centralizing_sorter,8,3.169925,2.987185,0.182740,0.078317,0.078317,0.000000,1.000000,1.000000,3.321928,0.204403,1.493593,1.493593,0.000000
centralizing_sorter,9,3.169925,3.042007,0.127918,0.054822,0.054822,0.000000,1.000000,1.000000,3.321928,0.143568,1.521004,1.521004,0.000000
centralizing_sorter,10,3.169925,3.080382,0.089543,0.038375,0.038375,0.000000,1.000000,1.000000,3.321928,0.100695,1.540191,1.540191,0.000000
centralizing_sorter,11,3.169925,3.169925,0.000000,0.089543,0.089543,0.000000,1.000000,1.000000,3.321928,0.130806,1.584963,1.584963,0.000000
centralizing_sorter,12,3.169925,3.169925,0.000000,0.000000,0.000000,0.000000,,1.000000,3.321928,0.038357,1.584963,1.584963,0.000000
centralizing_sorter,13,3.169925,3.169925,0.000000,0.000000,0.000000,0.000000,,1.000000,3.321928,0.015343,1.584963,1.584963,0.000000
centralizing_sorter,14,3.169925,3.169925,0.000000,0.000000,0.000000,0.000000,,1.000000,3.321928,0.006137,1.584963,1.584963,0.000000
centralizing_sorter,15,3.169925,3.169925,0.000000,0.000000,0.000000,0.000000,,1.000000,3.321928,0.002455,1.584963,1.584963,0.000000
centralizing_sorter,16,3.169925,3.169925,0.000000,0.000000,0.000000,0.000000,,1.000000,3.321928,0.000982,1.584963,1.584963,0.000000
centralizing_sorter,17,3.169925,3.169925,0.000000,0.000000,0.000000,0.000000,,1.000000,3.321928,0.000393,1.584963,1.584963,0.000000
centralizing_sorter,18,3.169925,3.169925,0.000000,0.000000,0.000000,0.000000,,1.000000,3.321928,0.000157,1.584963,1.584963,0.000000
centralizing_sorter,19,3.169925,3.169925,0.000000,0.000000,0.000000,0.000000,,1.000000,3.321928,0.000063,1.584963,1.584963,0.000000
centralizing_sorter,20,3.169925,3.169925,0.000000,0.000000,0.000000,0.000000,,1.000000,3.321928,0.000025,1.584963,1.584963,0.000000
centralizing_sorter,21,3.169925,3.169925,0.000000,0.000000,0.000000,0.000000,,1.000000,3.321928,0.000010,1.584963,1.584963,0.000000
centralizing_sorter,22,3.169925,3.169925,0.000000,0.000000,0.000000,0.000000,,1.000000,3.321928,0.000004,1.584963,1.584963,0.000000
centralizing_sorter,23,3.169925,3.169925,0.000000,0.000000,0.000000,0.000000,,1.000000,3.321928,0.000002,1.584963,1.584963,0.000000
centralizing_sorter,24,3.169925,3.169925,0.000000,0.000000,0.000000,0.000000,,1.000000,3.321928,0.000001,1.584963,1.584963,0.000000
late_completion,0,3.169925,0.000000,3.169925,0.000000,0.000000,0.000000,,,0.000000,0.000000,0.000000,0.000000,
late_completion,1,3.169925,0.000000,3.169925,0.000000,0.000000,0.000000,,,1.000000,0.881291,0.000000,0.000000,0.000000
late_completion,2,3.169925,0.000000,3.169925,0.000000,0.000000,0.000000,,,1.000000,0.881291,0.000000,0.000000,0.000000
late_completion,3,3.169925,0.000000,3.169925,0.000000,0.000000,0.000000,,,1.000000,0.881291,0.000000,0.000000,0.000000
late_completion,4,3.169925,0.000000,3.169925,0.000000,0.000000,0.000000,,,1.000000,0.881291,0.000000,0.000000,0.000000
late_completion,5,3.169925,0.000000,3.169925,0.000000,0.000000,0.000000,,,1.000000,0.881291,0.000000,0.000000,0.000000
late_completion,6,3.169925,0.000000,3.169925,0.000000,0.000000,0.000000,,,1.000000,0.881291,0.000000,0.000000,0.000000
late_completion,7,3.169925,0.000000,3.169925,0.000000,0.000000,0.000000,,,1.000000,0.881291,0.000000,0.000000,0.000000
late_completion,8,3.169925,0.000000,3.169925,0.000000,0.000000,0.000000,,,1.000000,0.881291,0.000000,0.000000,0.000000
late_completion,9,3.169925,0.000000,3.169925,0.000000,0.000000,0.000000,,,1.000000,0.881291,0.000000,0.000000,0.000000
late_completion,10,3.169925,0.000000,3.169925,0.000000,0.000000,0.000000,,,1.000000,0.881291,0.000000,0.000000,0.000000
late_completion,11,3.169925,0.000000,3.169925,0.000000,0.000000,0.000000,,,1.000000,0.000000,0.000000,0.000000,0.000000
late_completion,12,3.169925,0.000000,3.169925,0.000000,0.000000,0.000000,,,1.000000,0.000000,0.000000,0.000000,0.000000
late_completion,13,3.169925,0.000000,3.169925,0.000000,0.000000,0.000000,,,1.000000,0.000000,0.000000,0.000000,0.000000
late_completion,14,3.169925,0.000000,3.169925,0.000000,0.000000,0.000000,,,1.000000,0.000000,0.000000,0.000000,0.000000
late_completion,15,1.664211,1.584963,0.079248,3.090677,1.584963,1.505714,0.512821,0.512821,2.000000,1.584963,1.584963,0.000000,0.415037
late_completion,16,1.588925,1.584963,0.003962,0.075286,0.000000,0.075286,0.000000,0.500626,2.000000,0.286397,1.584963,0.000000,0.075286
late_completion,17,1.585161,1.584963,0.000198,0.003764,0.000000,0.003764,0.000000,0.500031,2.000000,0.014320,1.584963,0.000000,0.003764
late_completion,18,1.584972,1.584963,0.000010,0.000188,0.000000,0.000188,0.000000,0.500002,2.000000,0.000716,1.584963,0.000000,0.000188
late_completion,19,1.584972,1.584972,0.000000,0.000010,0.000010,0.000000,1.000000,0.500003,2.000000,0.000046,1.584963,0.000010,0.000000
late_completion,20,1.584972,1.584972,0.000000,0.000000,0.000000,0.000000,,0.500003,2.000000,0.000002,1.584963,0.000010,0.000000
late_completion,21,1.584972,1.584972,0.000000,0.000000,0.000000,0.000000,,0.500003,2.000000,0.000000,1.584963,0.000010,0.000000
late_completion,22,1.584972,1.584972,0.000000,0.000000,0.000000,0.000000,,0.500003,2.000000,0.000000,1.584963,0.000010,0.000000
late_completion,23,1.584972,1.584972,0.000000,0.000000,0.000000,0.000000,,0.500003,2.000000,0.000000,1.584963,0.000010,0.000000
late_completion,24,1.584972,1.584972,0.000000,0.000000,0.000000,0.000000,,0.500003,2.000000,0.000000,1.584963,0.000010,0.000000
stalled_remnant,0,3.169925,0.000000,3.169925,0.000000,0.000000,0.000000,,,0.000000,0.000000,0.000000,0.000000,
stalled_remnant,1,3.169925,0.475489,2.694436,0.475489,0.475489,0.000000,1.000000,1.000000,2.000000,1.356780,0.475489,0.000000,0.000000
stalled_remnant,2,3.169925,0.808331,2.361594,0.332842,0.332842,0.000000,1.000000,1.000000,2.000000,1.108554,0.808331,0.000000,0.000000
stalled_remnant,3,3.169925,1.041320,2.128605,0.232989,0.232989,0.000000,1.000000,1.000000,2.000000,0.856793,1.041320,0.000000,0.000000
stalled_remnant,4,3.169925,1.204413,1.965512,0.163093,0.163093,0.000000,1.000000,1.000000,2.000000,0.637158,1.204413,0.000000,0.000000
stalled_remnant,5,3.169925,1.318578,1.851347,0.114165,0.114165,0.000000,1.000000,1.000000,2.000000,0.462415,1.318578,0.000000,0.000000
stalled_remnant,6,3.169925,1.398493,1.771432,0.079915,0.079915,0.000000,1.000000,1.000000,2.000000,0.330658,1.398493,0.000000,0.000000
stalled_remnant,7,3.169925,1.454434,1.715491,0.055941,0.055941,0.000000,1.000000,1.000000,2.000000,0.234361,1.454434,0.000000,0.000000
stalled_remnant,8,3.169925,1.493593,1.676332,0.039159,0.039159,0.000000,1.000000,1.000000,2.000000,0.165245,1.493593,0.000000,0.000000
stalled_remnant,9,3.169925,1.521004,1.648921,0.027411,0.027411,0.000000,1.000000,1.000000,2.000000,0.116157,1.521004,0.000000,0.000000
stalled_remnant,10,3.169925,1.540191,1.629734,0.019188,0.019188,0.000000,1.000000,1.000000,2.000000,0.081507,1.540191,0.000000,0.000000
stalled_remnant,11,3.169925,1.584963,1.584963,0.044771,0.044771,0.000000,1.000000,1.000000,2.000000,0.086035,1.584963,0.000000,0.000000
stalled_remnant,12,3.169925,1.584963,1.584963,0.000000,0.000000,0.000000,,1.000000,2.000000,0.038357,1.584963,0.000000,0.000000
stalled_remnant,13,3.169925,1.584963,1.584963,0.000000,0.000000,0.000000,,1.000000,2.000000,0.015343,1.584963,0.000000,0.000000
stalled_remnant,14,3.169925,1.584963,1.584963,0.000000,0.000000,0.000000,,1.000000,2.000000,0.006137,1.584963,0.000000,0.000000
stalled_remnant,15,3.169925,1.584963,1.584963,0.000000,0.000000,0.000000,,1.000000,2.000000,0.002455,1.584963,0.000000,0.000000
stalled_remnant,16,3.169925,1.584963,1.584963,0.000000,0.000000,0.000000,,1.000000,2.000000,0.000982,1.584963,0.000000,0.000000
stalled_remnant,17,3.169925,1.584963,1.584963,0.000000,0.000000,0.000000,,1.000000,2.000000,0.000393,1.584963,0.000000,0.000000
stalled_remnant,18,3.169925,1.584963,1.584963,0.000000,0.000000,0.000000,,1.000000,2.000000,0.000157,1.584963,0.000000,0.000000
stalled_remnant,19,3.169925,1.584963,1.584963,0.000000,0.000000,0.000000,,1.000000,2.000000,0.000063,1.584963,0.000000,0.000000
stalled_remnant,20,3.169925,1.584963,1.584963,0.000000,0.000000,0.000000,,1.000000,2.000000,0.000025,1.584963,0.000000,0.000000
stalled_remnant,21,3.169925,1.584963,1.584963,0.000000,0.000000,0.000000,,1.000000,2.000000,0.000010,1.584963,0.000000,0.000000
stalled_remnant,22,3.169925,1.584963,1.584963,0.000000,0.000000,0.000000,,1.000000,2.000000,0.000004,1.584963,0.000000,0.000000
stalled_remnant,23,3.169925,1.584963,1.584963,0.000000,0.000000,0.000000,,1.000000,2.000000,0.000002,1.584963,0.000000,0.000000
stalled_remnant,24,3.169925,1.584963,1.584963,0.000000,0.000000,0.000000,,1.000000,2.000000,0.000001,1.584963,0.000000,0.000000
