access_probability,capture_probability,useless_noise,context_correlation,needed_access_mi_bits,protected_leakage_cmi_bits,protected_remainder_bits,record_innovation_bits,structured_fraction,needed_access_norm,protected_leakage_norm,protected_remainder_norm,record_burden,self_limiting_score,regime
0.82,0.0,0.0,0.35,0.82,0.0,0.9097361225311663,1.50007704572828,0.5466385892211917,0.82,0.0,1.0000000000000002,0.05470268183803029,0.42372351376360085,protected_forgetting_interval
0.82,0.0,0.02,0.35,0.82,0.0,0.9097361225311663,1.52007704572828,0.539446340765663,0.82,0.0,1.0000000000000002,0.05612907636570352,0.41751752704589484,protected_forgetting_interval
0.82,0.0,0.04,0.35,0.82,0.0,0.9097361225311663,1.54007704572828,0.5324408946126679,0.82,0.0,1.0000000000000002,0.057572167298391874,0.41146543704824806,protected_forgetting_interval
0.82,0.0,0.06,0.35,0.82,0.0,0.9097361225311663,1.56007704572828,0.5256150664130854,0.82,0.0,1.0000000000000002,0.05903187142991018,0.40556136082059097,protected_forgetting_interval
0.82,0.0,0.08,0.35,0.82,0.0,0.9097361225311663,1.58007704572828,0.5189620355645698,0.82,0.0,1.0000000000000002,0.06050810468610479,0.3997997136385822,protected_forgetting_interval
0.82,0.0,0.1,0.35,0.82,0.0,0.9097361225311663,1.60007704572828,0.5124753224784713,0.82,0.0,1.0000000000000002,0.062000782132918486,0.394175190362009,protected_forgetting_interval
0.82,0.0,0.12,0.35,0.82,0.0,0.9097361225311663,1.62007704572828,0.5061487675306096,0.82,0.0,1.0000000000000002,0.06350981798452893,0.3886827481739505,protected_forgetting_interval
0.82,0.0,0.14,0.35,0.82,0.0,0.9097361225311663,1.64007704572828,0.4999765115521613,0.82,0.0,1.0000000000000002,0.06503512561155922,0.3833175905828406,protected_forgetting_interval
0.82,0.0,0.16,0.35,0.82,0.0,0.9097361225311663,1.6600770457282799,0.49395297773077995,0.82,0.0,1.0000000000000002,0.06657661754935984,0.378075152580925,protected_forgetting_interval
0.82,0.0,0.18,0.35,0.82,0.0,0.9097361225311663,1.6800770457282799,0.4880728548044333,0.82,0.0,1.0000000000000002,0.06813420550636007,0.37295108686275213,protected_forgetting_interval
0.82,0.0,0.2,0.35,0.82,0.0,0.9097361225311663,1.70007704572828,0.4823310814415049,0.82,0.0,1.0000000000000002,0.06970780037248903,0.36794125101640573,protected_forgetting_interval
0.82,0.0,0.22,0.35,0.82,0.0,0.9097361225311663,1.72007704572828,0.4767228317106065,0.82,0.0,1.0000000000000002,0.07129731222766422,0.36304169560830496,protected_forgetting_interval
0.82,0.0,0.24,0.35,0.82,0.0,0.9097361225311663,1.74007704572828,0.47124350155242856,0.82,0.0,1.0000000000000002,0.0729026503503466,0.35824865308968074,protected_forgetting_interval
0.82,0.0,0.26,0.35,0.82,0.0,0.9097361225311663,1.76007704572828,0.46588869617392376,0.82,0.0,1.0000000000000002,0.07452372322616152,0.3535585274593701,protected_forgetting_interval
0.82,0.0,0.28,0.35,0.82,0.0,0.9097361225311663,1.78007704572828,0.4606542182922845,0.82,0.0,1.0000000000000002,0.07616043855658394,0.34896788462344713,protected_forgetting_interval
0.82,0.0,0.3,0.35,0.82,0.0,0.9097361225311663,1.80007704572828,0.45553605716262113,0.82,0.0,1.0000000000000002,0.07781270326768663,0.34447344339749325,protected_forgetting_interval
0.82,0.0,0.32,0.35,0.82,0.0,0.9097361225311663,1.82007704572828,0.45053037832906007,0.82,0.0,1.0000000000000002,0.07948042351895102,0.3400720671020768,protected_forgetting_interval
0.82,0.0,0.34,0.35,0.82,0.0,0.9097361225311663,1.84007704572828,0.4456335140442198,0.82,0.0,1.0000000000000002,0.08116350471213829,0.3357607557063082,protected_forgetting_interval
0.82,0.0,0.36,0.35,0.82,0.0,0.9097361225311663,1.8600770457282798,0.44084195430676026,0.82,0.0,1.0000000000000002,0.08286185150022063,0.3315366384782198,protected_forgetting_interval
0.82,0.0,0.38,0.35,0.82,0.0,0.9097361225311663,1.8800770457282798,0.4361523384709795,0.82,0.0,1.0000000000000002,0.08457536779637131,0.3273969671042302,protected_forgetting_interval
0.82,0.0,0.4,0.35,0.82,0.0,0.9097361225311663,1.9000770457282798,0.43156144738630975,0.82,0.0,1.0000000000000002,0.08630395678301139,0.3233391092431317,protected_forgetting_interval
0.82,0.0,0.42,0.35,0.82,0.0,0.9097361225311663,1.9200770457282799,0.4270661960280746,0.82,0.0,1.0000000000000002,0.08804752092091339,0.31936054248291584,protected_forgetting_interval
0.82,0.0,0.44,0.35,0.82,0.0,0.9097361225311663,1.9400770457282799,0.4226636265840579,0.82,0.0,1.0000000000000002,0.08980596195835933,0.3154588486713717,protected_forgetting_interval
0.82,0.0,0.46,0.35,0.82,0.0,0.9097361225311663,1.96007704572828,0.41835090196432734,0.82,0.0,1.0000000000000002,0.091579180940353,0.31163170859375666,protected_forgetting_interval
0.82,0.0,0.48,0.35,0.82,0.0,0.9097361225311663,1.98007704572828,0.4141252997043864,0.82,0.0,1.0000000000000002,0.0933670782178847,0.3078768969730033,protected_forgetting_interval
0.82,0.0,0.5,0.35,0.82,0.0,0.9097361225311663,2.00007704572828,0.4099842062341237,0.82,0.0,1.0000000000000002,0.09516955345724731,0.30419227776988456,protected_forgetting_interval
0.82,0.0,0.52,0.35,0.82,0.0,0.9097361225311663,2.02007704572828,0.40592511148720706,0.82,0.0,1.0000000000000002,0.09698650564940248,0.3005757997623494,protected_forgetting_interval
0.82,0.0,0.54,0.35,0.82,0.0,0.9097361225311663,2.04007704572828,0.40194560382756084,0.82,0.0,1.0000000000000002,0.09881783311939563,0.2970254923848725,protected_forgetting_interval
0.82,0.0,0.56,0.35,0.82,0.0,0.9097361225311663,2.06007704572828,0.3980433652713765,0.82,0.0,1.0000000000000002,0.10066343353581941,0.2935394618101461,protected_forgetting_interval
0.82,0.0,0.58,0.35,0.82,0.0,0.9097361225311663,2.08007704572828,0.39421616698476675,0.82,0.0,1.0000000000000002,0.10252320392032244,0.29011588725680576,protected_forgetting_interval
0.82,0.0,0.6,0.35,0.82,0.0,0.9097361225311663,2.10007704572828,0.3904618650386869,0.82,0.0,1.0000000000000002,0.10439704065716437,0.28675301750812016,protected_forgetting_interval
0.82,0.0,0.62,0.35,0.82,0.0,0.9097361225311663,2.12007704572828,0.3867783964041349,0.82,0.0,1.0000000000000002,0.1062848395028142,0.2834491676277158,protected_forgetting_interval
0.82,0.0,0.64,0.35,0.82,0.0,0.9097361225311663,2.14007704572828,0.3831637751719118,0.82,0.0,1.0000000000000002,0.10818649559559201,0.28020271585944606,protected_forgetting_interval
0.82,0.0,0.66,0.35,0.82,0.0,0.9097361225311663,2.16007704572828,0.3796160889823877,0.82,0.0,1.0000000000000002,0.11010190346535154,0.27701210069947074,protected_forgetting_interval
0.82,0.0,0.68,0.35,0.82,0.0,0.9097361225311663,2.18007704572828,0.37613349565178755,0.82,0.0,1.0000000000000002,0.11203095704320365,0.27387581812948797,protected_forgetting_interval
0.82,0.0,0.7000000000000001,0.35,0.82,0.0,0.9097361225311663,2.20007704572828,0.3727142199824914,0.82,0.0,1.0000000000000002,0.11397354967127837,0.27079241900086265,protected_forgetting_interval
0.82,0.0,0.72,0.35,0.82,0.0,0.9097361225311663,2.2200770457282797,0.3693565507457445,0.82,0.0,1.0000000000000002,0.11592957411252502,0.2677605065601378,protected_forgetting_interval
0.82,0.0,0.74,0.35,0.82,0.0,0.9097361225311663,2.24007704572828,0.3660588378260028,0.82,0.0,1.0000000000000002,0.11789892256054868,0.2647787341070914,protected_forgetting_interval
0.82,0.0,0.76,0.35,0.82,0.0,0.9097361225311663,2.2600770457282797,0.3628194895169009,0.82,0.0,1.0000000000000002,0.11988148664948184,0.2618458027771312,protected_forgetting_interval
0.82,0.0,0.78,0.35,0.82,0.0,0.9097361225311663,2.28007704572828,0.359636969959532,0.82,0.0,1.0000000000000002,0.12187715746389027,0.258960459440389,protected_forgetting_interval
0.82,0.0,0.8,0.35,0.82,0.0,0.9097361225311663,2.3000770457282798,0.35650979671437966,0.82,0.0,1.0000000000000002,0.12388582554871141,0.25612149471041673,protected_forgetting_interval
0.82,0.0,0.8200000000000001,0.35,0.82,0.0,0.9097361225311663,2.32007704572828,0.35343653845883344,0.82,0.0,1.0000000000000002,0.1259073809192245,0.25332774105586653,protected_forgetting_interval
0.82,0.0,0.84,0.35,0.82,0.0,0.9097361225311663,2.34007704572828,0.35041581280277856,0.82,0.0,1.0000000000000002,0.1279417130710503,0.2505780710089975,protected_forgetting_interval
0.82,0.0,0.86,0.35,0.82,0.0,0.9097361225311663,2.36007704572828,0.3474462842152519,0.82,0.0,1.0000000000000002,0.12998871099018072,0.24787139546526238,protected_forgetting_interval
0.82,0.0,0.88,0.35,0.82,0.0,0.9097361225311663,2.38007704572828,0.3445266620556345,0.82,0.0,1.0000000000000002,0.1320482631630353,0.2452066620686206,protected_forgetting_interval
0.82,0.0,0.9,0.35,0.82,0.0,0.9097361225311663,2.40007704572828,0.34165569870328016,0.82,0.0,1.0000000000000002,0.1341202575865439,0.24258285367757426,protected_forgetting_interval
0.82,0.0,0.92,0.35,0.82,0.0,0.9097361225311663,2.42007704572828,0.3388321877798875,0.82,0.0,1.0000000000000002,0.1362045817782559,0.23999898690725957,protected_forgetting_interval
0.82,0.0,0.9400000000000001,0.35,0.82,0.0,0.9097361225311663,2.44007704572828,0.3360549624592931,0.82,0.0,1.0000000000000002,0.13830112278647133,0.23745411074323014,protected_forgetting_interval
0.82,0.0,0.96,0.35,0.82,0.0,0.9097361225311663,2.46007704572828,0.3333228938597114,0.82,0.0,1.0000000000000002,0.14040976720039622,0.23494730522285176,protected_forgetting_interval
0.82,0.0,0.98,0.35,0.82,0.0,0.9097361225311663,2.48007704572828,0.3306348895137672,0.82,0.0,1.0000000000000002,0.14253040116031823,0.23247768018049345,protected_forgetting_interval
0.82,0.0,1.0,0.35,0.82,0.0,0.9097361225311663,2.50007704572828,0.32798989191196365,0.82,0.0,1.0000000000000002,0.14466291036780277,0.23004437405294156,protected_forgetting_interval
0.82,0.0,1.02,0.35,0.82,0.0,0.9097361225311663,2.52007704572828,0.3253868771155079,0.82,0.0,1.0000000000000002,0.14680718009590799,0.22764655274169251,protected_forgetting_interval
0.82,0.0,1.04,0.35,0.82,0.0,0.9097361225311663,2.54007704572828,0.3228248534346694,0.82,0.0,1.0000000000000002,0.14896309519941653,0.22528340852898932,protected_forgetting_interval
0.82,0.0,1.06,0.35,0.82,0.0,0.9097361225311663,2.56007704572828,0.3203028601690891,0.82,0.0,1.0000000000000002,0.15113054012508464,0.2229541590446627,protected_forgetting_interval
0.82,0.0,1.08,0.35,0.82,0.0,0.9097361225311663,2.58007704572828,0.3178199664066768,0.82,0.0,1.0000000000000002,0.15330939892190532,0.22065804628102104,protected_forgetting_interval
0.82,0.0,1.1,0.35,0.82,0.0,0.9097361225311663,2.60007704572828,0.31537526987794257,0.82,0.0,1.0000000000000002,0.15549955525138548,0.21839433565320224,protected_forgetting_interval
0.82,0.0,1.12,0.35,0.82,0.0,0.9097361225311663,2.62007704572828,0.3129678958627996,0.82,0.0,1.0000000000000002,0.15770089239783547,0.21616231510255796,protected_forgetting_interval
0.82,0.0,1.1400000000000001,0.35,0.82,0.0,0.9097361225311663,2.64007704572828,0.3105969961470569,0.82,0.0,1.0000000000000002,0.1599132932786702,0.21396129424078927,protected_forgetting_interval
0.82,0.0,1.16,0.35,0.82,0.0,0.9097361225311663,2.66007704572828,0.3082617480259859,0.82,0.0,1.0000000000000002,0.1621366404547191,0.2117906035326898,protected_forgetting_interval
0.82,0.0,1.18,0.35,0.82,0.0,0.9097361225311663,2.6800770457282796,0.305961353352502,0.82,0.0,1.0000000000000002,0.16437081614054583,0.209649593515478,protected_forgetting_interval
0.82,0.0,1.2,0.35,0.82,0.0,0.9097361225311663,2.70007704572828,0.3036950376276485,0.82,0.0,1.0000000000000002,0.16661570221477529,0.20753763405282374,protected_forgetting_interval
0.82,0.0,1.22,0.35,0.82,0.0,0.9097361225311663,2.7200770457282797,0.3014620491312044,0.82,0.0,1.0000000000000002,0.16887118023042502,0.20545411362178317,protected_forgetting_interval
0.82,0.0,1.24,0.35,0.82,0.0,0.9097361225311663,2.74007704572828,0.2992616580903672,0.82,0.0,1.0000000000000002,0.17113713142524445,0.20339843863096,protected_forgetting_interval
0.82,0.0,1.26,0.35,0.82,0.0,0.9097361225311663,2.7600770457282797,0.29709315588457896,0.82,0.0,1.0000000000000002,0.1734134367320549,0.2013700327683109,protected_forgetting_interval
0.82,0.0,1.28,0.35,0.82,0.0,0.9097361225311663,2.78007704572828,0.29495585428467486,0.82,0.0,1.0000000000000002,0.17569997678909388,0.19936833637710114,transition
0.82,0.0,1.3,0.35,0.82,0.0,0.9097361225311663,2.8000770457282798,0.2928490847246397,0.82,0.0,1.0000000000000002,0.1779966319503593,0.19739280585860494,transition
0.82,0.0,1.32,0.35,0.82,0.0,0.9097361225311663,2.82007704572828,0.29077219760435175,0.82,0.0,1.0000000000000002,0.1803032822959545,0.19544291310022102,transition
0.82,0.0,1.34,0.35,0.82,0.0,0.9097361225311663,2.84007704572828,0.2887245616217879,0.82,0.0,1.0000000000000002,0.1826198076424307,0.19351814492775296,transition
0.82,0.0,1.36,0.35,0.82,0.0,0.9097361225311663,2.8600770457282803,0.28670556313324697,0.82,0.0,1.0000000000000002,0.1849460875531287,0.19161800258066988,transition
0.82,0.0,1.3800000000000001,0.35,0.82,0.0,0.9097361225311663,2.88007704572828,0.28471460554023065,0.82,0.0,1.0000000000000002,0.18728200134851436,0.18974200120923285,transition
0.82,0.0,1.4000000000000001,0.35,0.82,0.0,0.9097361225311663,2.9000770457282803,0.2827511087016924,0.82,0.0,1.0000000000000002,0.18962742811651168,0.1878896693924286,transition
0.82,0.0,1.42,0.35,0.82,0.0,0.9097361225311663,2.92007704572828,0.28081450837044214,0.82,0.0,1.0000000000000002,0.1919822467228266,0.18606054867571736,transition
0.82,0.0,1.44,0.35,0.82,0.0,0.9097361225311663,2.94007704572828,0.278904255652552,0.82,0.0,1.0000000000000002,0.19434633582126648,0.18425419312764707,transition
0.82,0.0,1.46,0.35,0.82,0.0,0.9097361225311663,2.96007704572828,0.27701981648867924,0.82,0.0,1.0000000000000002,0.19671957386404837,0.18247016891444615,transition
0.82,0.0,1.48,0.35,0.82,0.0,0.9097361225311663,2.98007704572828,0.2751606711562741,0.82,0.0,1.0000000000000002,0.19910183911209833,0.18070805389174732,transition
0.82,0.0,1.5,0.35,0.82,0.0,0.9097361225311663,3.00007704572828,0.2733263137916986,0.82,0.0,1.0000000000000002,0.20149300964533978,0.17896743721264505,transition
0.82,0.0,1.52,0.35,0.82,0.0,0.9097361225311663,3.02007704572828,0.27151625193133444,0.82,0.0,1.0000000000000002,0.20389296337296925,0.17724791895132908,transition
0.82,0.0,1.54,0.35,0.82,0.0,0.9097361225311663,3.04007704572828,0.2697300060708037,0.82,0.0,1.0000000000000002,0.2063015780437183,0.1755491097415773,transition
0.82,0.0,1.56,0.35,0.82,0.0,0.9097361225311663,3.06007704572828,0.26796710924147493,0.82,0.0,1.0000000000000002,0.20871873125610174,0.17387063042942788,transition
0.82,0.0,1.58,0.35,0.82,0.0,0.9097361225311663,3.08007704572828,0.26622710660346877,0.82,0.0,1.0000000000000002,0.2111443004686484,0.1722121117393874,transition
0.82,0.0,1.6,0.35,0.82,0.0,0.9097361225311663,3.10007704572828,0.26450955505441737,0.82,0.0,1.0000000000000002,0.21357816301011634,0.17057319395356282,transition
0.82,0.0,1.62,0.35,0.82,0.0,0.9097361225311663,3.12007704572828,0.2628140228532715,0.82,0.0,1.0000000000000002,0.21602019608968903,0.168953526603138,transition
0.82,0.0,1.6400000000000001,0.35,0.82,0.0,0.9097361225311663,3.14007704572828,0.26114008925848403,0.82,0.0,1.0000000000000002,0.2184702768071518,0.16735276817164577,transition
0.82,0.0,1.6600000000000001,0.35,0.82,0.0,0.9097361225311663,3.16007704572828,0.25948734417993297,0.82,0.0,1.0000000000000002,0.22092828216304883,0.16577058580951107,transition
0.82,0.0,1.68,0.35,0.82,0.0,0.9097361225311663,3.1800770457282796,0.2578553878439788,0.82,0.0,1.0000000000000002,0.22339408906881686,0.16420665505937113,transition
0.82,0.0,1.7,0.35,0.82,0.0,0.9097361225311663,3.20007704572828,0.2562438304710825,0.82,0.0,1.0000000000000002,0.22586757435689808,0.1626606595917003,transition
0.82,0.0,1.72,0.35,0.82,0.0,0.9097361225311663,3.2200770457282797,0.2546522919654371,0.82,0.0,1.0000000000000002,0.22834861479082635,0.1611322909502928,transition
0.82,0.0,1.74,0.35,0.82,0.0,0.9097361225311663,3.24007704572828,0.25308040161609385,0.82,0.0,1.0000000000000002,0.23083708707529116,0.15962124830717578,transition
0.82,0.0,1.76,0.35,0.82,0.0,0.9097361225311663,3.2600770457282797,0.2515277978090905,0.82,0.0,1.0000000000000002,0.23333286786617258,0.15812723822655078,transition
0.82,0.0,1.78,0.35,0.82,0.0,0.9097361225311663,3.28007704572828,0.24999412775011026,0.82,0.0,1.0000000000000002,0.23583583378055128,0.15664997443737555,transition
0.82,0.0,1.8,0.35,0.82,0.0,0.9097361225311663,3.3000770457282798,0.2484790471972262,0.82,0.0,1.0000000000000002,0.238345861406688,0.15518917761422202,transition
0.82,0.0,1.82,0.35,0.82,0.0,0.9097361225311663,3.32007704572828,0.24698222020330485,0.82,0.0,1.0000000000000002,0.24086282731397501,0.15374457516606038,transition
0.82,0.0,1.84,0.35,0.82,0.0,0.9097361225311663,3.34007704572828,0.24550331886766547,0.82,0.0,1.0000000000000002,0.2433866080628555,0.15231590103263842,transition
0.82,0.0,1.86,0.35,0.82,0.0,0.9097361225311663,3.3600770457282803,0.244042023096607,0.82,0.0,1.0000000000000002,0.24591708021471226,0.15090289548813843,transition
0.82,0.0,1.8800000000000001,0.35,0.82,0.0,0.9097361225311663,3.38007704572828,0.2425980203724382,0.82,0.0,1.0000000000000002,0.2484541203417231,0.14950530495181177,transition
0.82,0.0,1.9000000000000001,0.35,0.82,0.0,0.9097361225311663,3.4000770457282803,0.24117100553065846,0.82,0.0,1.0000000000000002,0.2509976050366821,0.14812288180530334,transition
0.82,0.0,1.92,0.35,0.82,0.0,0.9097361225311663,3.42007704572828,0.23976068054495744,0.82,0.0,1.0000000000000002,0.2535474109227861,0.14675538421639261,transition
0.82,0.0,1.94,0.35,0.82,0.0,0.9097361225311663,3.44007704572828,0.23836675431971385,0.82,0.0,1.0000000000000002,0.25610341466338504,0.14540257596888972,transition
0.82,0.0,1.96,0.35,0.82,0.0,0.9097361225311663,3.46007704572828,0.2369889424896912,0.82,0.0,1.0000000000000002,0.2586654929716957,0.14406422629843862,transition
0.82,0.0,1.98,0.35,0.82,0.0,0.9097361225311663,3.48007704572828,0.23562696722664012,0.82,0.0,1.0000000000000002,0.26123352262047617,0.1427401097339893,transition
0.82,0.0,2.0,0.35,0.82,0.0,0.9097361225311663,3.50007704572828,0.23428055705253142,0.82,0.0,1.0000000000000002,0.2638073804516622,0.1414300059447125,transition
