delta,retained_mass_Z,discarded_coordination_bits,exclusion_channel_entropy_bits,absorption_channel_entropy_bits
0.0,1.0,-0.0,3.617397,0.0
0.036834,1.0,-0.0,3.828016,0.0
0.073668,1.0,-0.0,3.827667,0.0
0.110503,1.0,-0.0,3.786741,0.0
0.147337,1.0,-0.0,3.731123,0.0
0.184171,1.0,-0.0,3.662328,0.0
0.221005,1.0,-0.0,3.675751,0.0
0.25784,1.0,-0.0,3.705482,0.0
0.294674,1.0,-0.0,3.73533,0.0
0.331508,1.0,-0.0,3.718265,0.0
0.368342,1.0,-0.0,3.717251,0.0
0.405176,1.0,-0.0,3.67958,0.0
0.442011,1.0,-0.0,3.629144,0.0
0.478845,1.0,-0.0,3.615296,0.0
0.515679,1.0,-0.0,3.654652,0.0
0.552513,1.0,-0.0,3.714711,0.0
0.589347,1.0,-0.0,3.705831,0.0
0.626182,1.0,-0.0,3.577991,0.0
0.663016,1.0,-0.0,3.601857,0.0
0.69985,1.0,-0.0,3.616462,0.0
0.736684,1.0,-0.0,3.606093,0.0
0.773519,1.0,-0.0,3.650083,0.0
0.810353,1.0,-0.0,3.640956,0.0
0.847187,1.0,-0.0,3.622766,0.0
0.884021,1.0,-0.0,3.590847,0.0
0.920855,1.0,-0.0,3.583615,0.0
0.95769,1.0,-0.0,3.585846,0.0
0.994524,1.0,-0.0,3.619825,0.0
1.031358,1.0,-0.0,3.558742,0.0
1.068192,1.0,-0.0,3.557354,0.0
1.105026,1.0,-0.0,3.609347,0.0
1.141861,1.0,-0.0,3.534623,0.0
1.178695,1.0,-0.0,3.493004,0.0
1.215529,1.0,-0.0,3.521665,0.0
1.252363,1.0,-0.0,3.530413,0.0
1.289198,1.0,-0.0,3.562778,0.0
1.326032,1.0,-0.0,3.555445,0.0
1.362866,1.0,-0.0,3.544686,0.0
1.3997,1.0,-0.0,3.484845,0.0
1.436534,1.0,-0.0,3.452798,0.0
1.473369,1.0,-0.0,3.49811,0.0
1.510203,1.0,-0.0,3.49665,0.0
1.547037,1.0,-0.0,3.506814,0.0
1.583871,1.0,-0.0,3.479239,0.0
1.620706,1.0,-0.0,3.433707,0.0
1.65754,1.0,-0.0,3.475072,0.0
1.694374,1.0,-0.0,3.435675,0.0
1.731208,1.0,-0.0,3.454418,0.0
1.768042,1.0,-0.0,3.439073,0.0
1.804877,1.0,-0.0,3.422175,0.0
1.841711,1.0,-0.0,3.409892,0.0
1.878545,0.99,0.0145,3.415345,0.0
1.915379,0.99,0.0145,3.37637,0.0
1.952213,0.98,0.029146,3.297324,0.0
1.989048,0.96,0.058894,3.272317,0.0
2.025882,0.94,0.089267,3.238695,0.0
2.062716,0.94,0.089267,3.22016,0.0
2.09955,0.94,0.089267,3.171945,0.0
2.136385,0.9,0.152003,3.204965,0.0
2.173219,0.9,0.152003,3.13751,0.0
2.210053,0.87,0.200913,3.066055,0.0
2.246887,0.86,0.217591,2.979489,0.0
2.283721,0.83,0.268817,3.028789,0.0
2.320556,0.78,0.358454,3.038136,0.0
2.35739,0.76,0.395929,3.020508,0.0
2.394224,0.73,0.454032,2.929722,0.0
2.431058,0.68,0.556393,2.924106,0.0
2.467893,0.64,0.643856,2.95473,0.0
2.504727,0.61,0.713119,2.939681,0.0
2.541561,0.6,0.736966,2.900066,0.0
2.578395,0.58,0.785875,2.833215,0.0
2.615229,0.57,0.810966,2.725021,0.0
2.652064,0.54,0.888969,2.679197,0.0
2.688898,0.52,0.943416,2.651226,0.0
2.725732,0.47,1.089267,2.691032,0.0
2.762566,0.43,1.217591,2.763257,0.0
2.7994,0.41,1.286304,2.776734,0.0
2.836235,0.36,1.473931,2.70917,0.0
2.873069,0.35,1.514573,2.57677,0.0
2.909903,0.32,1.643856,2.676916,0.0
2.946737,0.31,1.68966,2.657633,0.0
2.983572,0.3,1.736966,2.586035,0.0
3.020406,0.26,1.943416,2.50738,0.0
3.05724,0.24,2.058894,2.562907,0.0
3.094074,0.23,2.120294,2.561848,0.0
3.130908,0.22,2.184425,2.459432,0.0
3.167743,0.2,2.321928,2.528213,0.0
3.204577,0.19,2.395929,2.437066,0.0
3.241411,0.18,2.473931,2.155222,0.0
3.278245,0.18,2.473931,2.25846,0.0
3.315079,0.17,2.556393,2.38043,0.0
3.351914,0.16,2.643856,2.224602,0.0
3.388748,0.14,2.836501,1.985228,0.0
3.425582,0.11,3.184425,1.539485,0.0
3.462416,0.11,3.184425,2.23127,0.0
3.499251,0.11,3.184425,2.23127,0.0
3.536085,0.11,3.184425,2.23127,0.0
3.572919,0.09,3.473931,2.19716,0.0
3.609753,0.08,3.643856,1.298795,0.0
3.646587,0.08,3.643856,1.905639,0.0
3.683422,0.08,3.643856,1.905639,0.0
3.720256,0.08,3.643856,1.905639,0.0
3.75709,0.08,3.643856,1.75,0.0
3.793924,0.07,3.836501,1.842371,0.0
3.830759,0.05,4.321928,1.521928,0.0
3.867593,0.05,4.321928,1.521928,0.0
3.904427,0.05,4.321928,1.521928,0.0
3.941261,0.04,4.643856,1.5,0.0
3.978095,0.04,4.643856,0.811278,0.0
4.01493,0.04,4.643856,0.811278,0.0
4.051764,0.03,5.058894,0.918296,0.0
4.088598,0.03,5.058894,0.918296,0.0
4.125432,0.03,5.058894,0.918296,0.0
4.162266,0.01,6.643856,0.0,0.0
4.199101,0.01,6.643856,0.0,0.0
4.235935,0.01,6.643856,0.0,0.0
4.272769,0.01,6.643856,0.0,0.0
4.309603,0.01,6.643856,0.0,0.0
4.346438,0.01,6.643856,0.0,0.0
4.383272,0.01,6.643856,0.0,0.0
4.420106,0.0,inf,undefined,0.0
