kappa,gain,every_k,n_ticks,clock_slack_bits,slack_gate,memory_retention,error_info_bits,logical_leak_bits,phase_lock,braid_score,budget
0.120323,0.0,1,48,0.9999,0.000399,0.696373,0.001294,0.003002,0.0,0.0,0.35
0.120323,1.65,1,48,0.999969,0.000122,0.709277,0.00491,0.00028,0.128416,0.000447,0.35
0.120323,3.3,1,48,1.0,2e-06,0.701223,0.019014,0.004456,0.154388,0.00204,0.35
0.169545,0.0,2,24,0.999977,9.3e-05,0.701151,0.003687,0.000552,0.0,0.0,0.35
0.169545,1.65,2,24,0.999936,0.000256,0.701436,0.003984,0.001402,0.0,0.0,0.35
0.169545,3.3,2,24,0.999938,0.000248,0.694577,0.004767,2e-05,0.075775,0.000251,0.35
0.206898,0.0,3,16,0.999671,0.001314,0.712555,0.001494,7.8e-05,0.0,0.0,0.35
0.206898,1.65,3,16,0.999869,0.000524,0.720361,9.5e-05,0.000116,0.0,0.0,0.35
0.206898,3.3,3,16,0.999263,0.002946,0.691051,0.003161,0.006009,0.0,0.0,0.35
0.238043,0.0,4,12,0.999645,0.001421,0.690931,0.001385,0.002543,0.035008,3.3e-05,0.35
0.238043,1.65,4,12,0.999454,0.002184,0.698986,0.003427,0.001828,0.0,0.0,0.35
0.238043,3.3,4,12,0.999918,0.000327,0.715409,0.000488,0.003433,0.0,0.0,0.35
0.28945,0.0,6,8,0.99959,0.001641,0.700717,0.000636,0.003254,0.082772,3.7e-05,0.35
0.28945,1.65,6,8,0.999085,0.003655,0.70796,0.003927,0.002434,0.050383,0.000139,0.35
0.28945,3.3,6,8,0.999925,0.0003,0.72379,0.001729,0.003657,0.08997,0.000112,0.35
0.331841,0.0,8,6,0.998653,0.00538,0.713977,0.001155,0.001674,0.0,0.0,0.35
0.331841,1.65,8,6,0.999429,0.002285,0.717853,0.000291,0.002956,0.0,0.0,0.35
0.331841,3.3,8,6,0.996414,0.014291,0.697483,0.000416,0.002248,0.0,0.0,0.35
0.400678,0.0,12,4,0.996276,0.014839,0.714513,0.003202,0.002461,0.015599,3.6e-05,0.35
0.400678,1.65,12,4,0.994985,0.019958,0.700927,0.004855,0.000638,0.051995,0.000177,0.35
0.400678,3.3,12,4,0.995397,0.018329,0.729573,0.002653,0.002303,0.10919,0.00021,0.35
0.169545,0.0,1,48,0.999938,0.000247,0.502973,0.002989,0.001766,0.078847,0.000118,0.7
0.169545,1.65,1,48,0.999995,2.1e-05,0.501953,0.035607,0.000822,0.064511,0.001151,0.7
0.169545,3.3,1,48,0.999521,0.001914,0.509784,0.031569,0.001208,0.368634,0.005918,0.7
0.238043,0.0,2,24,0.999992,3e-05,0.529285,1.1e-05,0.009555,0.0,0.0,0.7
0.238043,1.65,2,24,0.999899,0.000405,0.505934,0.018367,0.000761,0.0,0.0,0.7
0.238043,3.3,2,24,0.999886,0.000455,0.540217,0.018463,0.003105,0.0,0.0,0.7
0.28945,0.0,3,16,0.99999,4.1e-05,0.524196,0.001674,0.000127,0.044985,3.9e-05,0.7
0.28945,1.65,3,16,0.999387,0.002451,0.499718,7.4e-05,0.002027,0.0,0.0,0.7
0.28945,3.3,3,16,0.999737,0.001053,0.482164,0.005411,0.000743,0.0,0.0,0.7
0.331841,0.0,4,12,0.999249,0.003001,0.483456,0.005024,0.003251,0.0,0.0,0.7
0.331841,1.65,4,12,0.998941,0.004233,0.486068,0.00563,2.2e-05,0.0,0.0,0.7
0.331841,3.3,4,12,0.999429,0.002281,0.505944,0.009617,0.004037,0.0,0.0,0.7
0.400678,0.0,6,8,0.998611,0.005547,0.488274,0.000389,0.000187,0.018198,3e-06,0.7
0.400678,1.65,6,8,0.999336,0.002653,0.500667,0.001994,0.006397,0.007799,8e-06,0.7
0.400678,3.3,6,8,0.997747,0.008992,0.506566,0.001161,0.000789,0.0,0.0,0.7
0.456191,0.0,8,6,0.998421,0.006305,0.479116,5.6e-05,0.000105,0.173538,5e-06,0.7
0.456191,1.65,8,6,0.999226,0.003093,0.503122,0.006496,0.00227,0.130915,0.000426,0.7
0.456191,3.3,8,6,0.996304,0.014731,0.507256,0.002454,0.000265,0.0,0.0,0.7
0.543426,0.0,12,4,0.997949,0.008187,0.515518,0.000464,0.001447,0.157182,3.8e-05,0.7
0.543426,1.65,12,4,0.99098,0.035754,0.485574,3.9e-05,0.000364,0.080508,2e-06,0.7
0.543426,3.3,12,4,0.994575,0.021584,0.489868,0.000407,0.00174,0.053672,1.1e-05,0.7
0.206898,0.0,1,48,0.999994,2.3e-05,0.312732,0.002256,0.000596,0.041117,2.9e-05,1.05
0.206898,1.65,1,48,0.999934,0.000263,0.336471,0.040511,0.001223,0.082233,0.001118,1.05
0.206898,3.3,1,48,0.999587,0.00165,0.361444,0.060515,0.00232,0.318864,0.006942,1.05
0.28945,0.0,2,24,0.999942,0.00023,0.339347,0.003885,0.000614,0.0,0.0,1.05
0.28945,1.65,2,24,0.999946,0.000217,0.353138,0.005082,0.000928,0.041986,7.5e-05,1.05
0.28945,3.3,2,24,0.999942,0.000233,0.343422,0.024845,0.010071,0.026391,0.000221,1.05
0.350716,0.0,3,16,0.999943,0.000228,0.348281,0.011803,0.006905,0.0,0.0,1.05
0.350716,1.65,3,16,0.999846,0.000616,0.359471,0.014264,0.001109,0.0,0.0,1.05
0.350716,3.3,3,16,0.999613,0.001546,0.348473,0.011727,0.002981,0.0,0.0,1.05
0.400678,0.0,4,12,0.998954,0.004181,0.339381,0.007952,0.001442,0.043329,0.000117,1.05
0.400678,1.65,4,12,0.999769,0.000926,0.351029,0.001414,0.000414,0.0,0.0,1.05
0.400678,3.3,4,12,0.999876,0.000497,0.360304,0.002248,0.002605,0.029464,2.4e-05,1.05
0.480493,0.0,6,8,0.999159,0.003361,0.352464,0.002389,0.003375,0.021679,1.8e-05,1.05
0.480493,1.65,6,8,0.998942,0.004229,0.361286,0.00809,0.002869,0.130075,0.000378,1.05
0.480493,3.3,6,8,0.999202,0.00319,0.355499,0.000506,0.000193,0.069373,1.2e-05,1.05
0.543426,0.0,8,6,0.99879,0.004835,0.348763,0.001517,0.009427,0.125234,6.5e-05,1.05
0.543426,1.65,8,6,0.995852,0.016524,0.349569,0.00114,0.002148,0.010223,4e-06,1.05
0.543426,3.3,8,6,0.997567,0.009707,0.372857,0.002585,0.000616,0.033225,3.2e-05,1.05
0.639097,0.0,12,4,0.987697,0.048606,0.340967,0.000693,0.002753,0.136912,3.2e-05,1.05
0.639097,1.65,12,4,0.984187,0.062252,0.349633,0.001931,0.001225,0.065196,4.4e-05,1.05
0.639097,3.3,12,4,0.986856,0.051885,0.35708,0.000471,0.003411,0.068456,1.1e-05,1.05
0.238043,0.0,1,48,0.999949,0.000202,0.239494,0.007248,0.004338,0.0,0.0,1.4
0.238043,1.65,1,48,0.999771,0.000914,0.264462,0.030627,0.004521,0.141489,0.001136,1.4
0.238043,3.3,1,48,0.999624,0.001505,0.227764,0.064292,0.003607,0.342054,0.004973,1.4
0.331841,0.0,2,24,0.999708,0.001167,0.261356,0.001432,0.003496,0.0,0.0,1.4
0.331841,1.65,2,24,0.9997,0.0012,0.238784,0.01837,0.000436,0.0,0.0,1.4
0.331841,3.3,2,24,0.999653,0.001386,0.257913,0.02968,0.005376,0.066967,0.000507,1.4
0.400678,0.0,3,16,0.999497,0.002012,0.237952,0.001727,0.004556,0.0,0.0,1.4
0.400678,1.65,3,16,0.999086,0.003651,0.232807,0.006661,0.000208,0.0,0.0,1.4
0.400678,3.3,3,16,0.999769,0.000922,0.263012,0.023691,0.002238,0.009099,5.6e-05,1.4
0.456191,0.0,4,12,0.999798,0.000809,0.251108,0.000332,0.002141,0.141571,1.2e-05,1.4
0.456191,1.65,4,12,0.998894,0.00442,0.241032,0.004383,0.001522,0.0,0.0,1.4
0.456191,3.3,4,12,0.998957,0.004169,0.252139,0.007068,0.002128,0.0,0.0,1.4
0.543426,0.0,6,8,0.998283,0.006856,0.231193,0.000458,0.00376,0.028753,3e-06,1.4
0.543426,1.65,6,8,0.997343,0.010599,0.237305,0.017724,9.5e-05,0.053672,0.000226,1.4
0.543426,3.3,6,8,0.998929,0.00428,0.262606,0.000412,0.000411,0.03067,3e-06,1.4
0.610664,0.0,8,6,0.995895,0.016351,0.259264,0.008217,0.001021,0.07278,0.000155,1.4
0.610664,1.65,8,6,0.996881,0.012436,0.232754,0.002889,0.010816,0.106896,7e-05,1.4
0.610664,3.3,8,6,0.996303,0.014733,0.254535,0.005431,0.000942,0.047762,6.6e-05,1.4
0.709517,0.0,12,4,0.991763,0.032676,0.235679,0.000114,0.000558,0.138005,4e-06,1.4
0.709517,1.65,12,4,0.984513,0.060987,0.25478,7.9e-05,0.000454,0.187921,4e-06,1.4
0.709517,3.3,12,4,0.994562,0.021634,0.241943,0.000403,0.003861,0.229029,2.2e-05,1.4
0.28945,0.0,1,48,0.999934,0.000263,0.128564,0.009539,0.002397,0.011396,1.4e-05,2.1
0.28945,1.65,1,48,0.999887,0.000451,0.11863,0.071541,0.000335,0.123558,0.001048,2.1
0.28945,3.3,1,48,0.998695,0.005213,0.119064,0.088765,0.003363,0.408462,0.004288,2.1
0.400678,0.0,2,24,0.999961,0.000155,0.13464,0.009412,0.000546,0.042463,5.4e-05,2.1
0.400678,1.65,2,24,0.999517,0.001931,0.114247,0.038204,0.001209,0.0,0.0,2.1
0.400678,3.3,2,24,0.999941,0.000236,0.124087,0.052566,0.003097,0.089258,0.000579,2.1
0.480493,0.0,3,16,0.999638,0.001448,0.113196,0.012912,0.001587,0.049862,7.3e-05,2.1
0.480493,1.65,3,16,0.999909,0.000362,0.118074,0.012234,0.000299,0.014091,2e-05,2.1
0.480493,3.3,3,16,0.999825,0.000698,0.110923,0.017927,0.000202,0.042274,8.4e-05,2.1
0.543426,0.0,4,12,0.999902,0.000394,0.125551,0.006875,0.001505,0.060061,5.2e-05,2.1
0.543426,1.65,4,12,0.999593,0.001627,0.128859,0.018897,0.004278,0.074118,0.000179,2.1
0.543426,3.3,4,12,0.999723,0.001106,0.131353,0.00896,0.00071,0.014057,1.7e-05,2.1
0.639097,0.0,6,8,0.99949,0.002037,0.126981,0.001037,0.001708,0.130392,1.7e-05,2.1
0.639097,1.65,6,8,0.997838,0.00863,0.113436,0.013204,0.001231,0.084755,0.000127,2.1
0.639097,3.3,6,8,0.997352,0.010565,0.131399,0.024684,0.002338,0.030968,0.0001,2.1
0.709517,0.0,8,6,0.995837,0.016583,0.11927,0.00536,0.001907,0.219241,0.00014,2.1
0.709517,1.65,8,6,0.994575,0.021583,0.1262,0.000321,0.001529,0.138983,6e-06,2.1
0.709517,3.3,8,6,0.995652,0.017316,0.118782,0.00355,0.004688,0.107663,4.5e-05,2.1
0.806264,0.0,12,4,0.991902,0.03213,0.117709,0.000411,0.007549,0.276481,1.3e-05,2.1
0.806264,1.65,12,4,0.990125,0.039109,0.118359,0.001305,0.000152,0.186043,2.9e-05,2.1
0.806264,3.3,12,4,0.992732,0.02886,0.120802,0.000447,0.000275,0.248058,1.3e-05,2.1
0.331841,0.0,1,48,0.999966,0.000135,0.057471,0.006221,2.9e-05,0.0,0.0,2.8
0.331841,1.65,1,48,0.999791,0.000837,0.071096,0.04047,0.000486,0.133933,0.000385,2.8
0.331841,3.3,1,48,0.998062,0.007736,0.056334,0.123555,0.000435,0.410693,0.002856,2.8
0.456191,0.0,2,24,0.999884,0.000465,0.062321,0.00734,0.002062,0.072308,3.3e-05,2.8
0.456191,1.65,2,24,0.999917,0.000333,0.060442,0.023143,0.001974,0.045668,6.4e-05,2.8
0.456191,3.3,2,24,0.999666,0.001336,0.05982,0.067156,0.004437,0.066219,0.000264,2.8
0.543426,0.0,3,16,0.999806,0.000774,0.065613,0.018629,0.000694,0.058464,7.1e-05,2.8
0.543426,1.65,3,16,0.999437,0.002252,0.058611,0.005836,0.000266,0.064214,2.2e-05,2.8
0.543426,3.3,3,16,0.999813,0.000746,0.060828,0.04604,0.004032,0.0,0.0,2.8
0.610664,0.0,4,12,0.999409,0.002361,0.056189,0.008831,0.000278,0.059134,2.9e-05,2.8
0.610664,1.65,4,12,0.999665,0.001339,0.061578,0.021855,0.000842,0.08529,0.000115,2.8
0.610664,3.3,4,12,0.999735,0.00106,0.061578,0.043643,0.00326,0.061409,0.000164,2.8
0.709517,0.0,6,8,0.99897,0.004115,0.05491,0.007571,0.002964,0.14975,6.2e-05,2.8
0.709517,1.65,6,8,0.998094,0.007609,0.061212,0.006185,0.000126,0.130664,4.9e-05,2.8
0.709517,3.3,6,8,0.996679,0.013238,0.065541,0.015606,0.001479,0.044044,4.5e-05,2.8
0.778948,0.0,8,6,0.996498,0.013961,0.062157,0.009435,0.00077,0.115897,6.8e-05,2.8
0.778948,1.65,8,6,0.998396,0.006405,0.059034,5e-05,0.000911,0.171171,1e-06,2.8
0.778948,3.3,8,6,0.996502,0.013942,0.063567,0.012526,0.000207,0.155124,0.000123,2.8
0.867988,0.0,12,4,0.992659,0.02915,0.064317,0.004602,0.00095,0.249619,7.4e-05,2.8
0.867988,1.65,12,4,0.987581,0.049059,0.06122,0.007737,0.000639,0.175214,8.3e-05,2.8
0.867988,3.3,12,4,0.991911,0.032093,0.066005,0.00015,0.000326,0.180014,2e-06,2.8
