kappa,gain,every_k,n_ticks,clock_slack_bits,slack_gate,memory_retention,error_info_bits,logical_leak_bits,phase_lock,braid_score
0.05,0.0,1,48,0.999989,4.3e-05,0.946078,0.002824,0.000126,0.361111,0.000964
0.05,0.3,1,48,1.0,0.0,0.927293,0.002749,0.006724,0.0625,0.000157
0.05,0.6,1,48,0.999889,0.000444,0.941133,0.000205,0.000857,0.013889,3e-06
0.05,0.9,1,48,0.999961,0.000156,0.939625,0.000815,7.1e-05,0.100694,7.7e-05
0.05,1.2,1,48,0.999985,5.9e-05,0.953333,0.001589,0.002074,0.0,0.0
0.05,1.5,1,48,0.999922,0.000311,0.950202,0.003546,0.001954,0.270833,0.000909
0.05,1.8,1,48,0.999971,0.000116,0.934966,0.001579,0.000324,0.0,0.0
0.05,2.1,1,48,0.99999,4e-05,0.949073,0.0,0.000474,0.208333,0.0
0.05,2.4,1,48,0.99997,0.00012,0.937987,0.000328,0.001074,0.260417,8e-05
0.05,2.7,1,48,0.999911,0.000355,0.955359,0.000905,0.000499,0.121528,0.000105
0.05,3.0,1,48,0.999998,8e-06,0.942069,7e-06,0.000746,0.0,0.0
0.05,3.3,1,48,0.999992,3e-05,0.932759,0.001224,0.001182,0.236111,0.000269
0.1318,0.0,1,48,0.999968,0.000126,0.652053,0.000112,0.004433,0.031614,2e-06
0.1318,0.3,1,48,0.999997,1.2e-05,0.645641,0.002439,0.001953,0.0,0.0
0.1318,0.6,1,48,0.999906,0.000377,0.664123,0.000281,0.000175,0.0,0.0
0.1318,0.9,1,48,0.999879,0.000486,0.66783,0.00846,0.001589,0.0,0.0
0.1318,1.2,1,48,0.999988,4.6e-05,0.671335,0.006776,0.002131,0.007903,3.6e-05
0.1318,1.5,1,48,0.999939,0.000242,0.657582,0.006892,0.004296,0.065862,0.000296
0.1318,1.8,1,48,0.999971,0.000117,0.663606,0.002005,0.001289,0.082986,0.00011
0.1318,2.1,1,48,0.999782,0.000873,0.650073,0.009744,0.001723,0.264764,0.001671
0.1318,2.4,1,48,0.999945,0.00022,0.646382,0.001189,1.7e-05,0.301646,0.000232
0.1318,2.7,1,48,0.999895,0.000421,0.656574,0.014621,0.005517,0.118551,0.001126
0.1318,3.0,1,48,0.99975,0.001001,0.624529,0.023249,0.000588,0.291108,0.004222
0.1318,3.3,1,48,0.999845,0.000621,0.652614,0.010098,0.006079,0.27135,0.001767
0.2136,0.0,1,48,0.999818,0.000729,0.312075,0.003269,0.001095,0.0,0.0
0.2136,0.3,1,48,0.999967,0.000131,0.319188,0.009624,0.001605,0.0,0.0
0.2136,0.6,1,48,0.999838,0.000648,0.323102,0.018927,0.002916,0.0,0.0
0.2136,0.9,1,48,0.999991,3.7e-05,0.325277,0.005362,0.000227,0.0,0.0
0.2136,1.2,1,48,0.999986,5.7e-05,0.335908,0.017124,0.000341,0.0,0.0
0.2136,1.5,1,48,0.99998,8.2e-05,0.318731,0.019717,0.00102,0.091032,0.000571
0.2136,1.8,1,48,0.99966,0.00136,0.318776,0.04807,0.001267,0.173936,0.002659
0.2136,2.1,1,48,0.999912,0.000353,0.294995,0.041309,0.002671,0.155242,0.001882
0.2136,2.4,1,48,0.999572,0.001711,0.309853,0.037597,0.009701,0.178,0.002033
0.2136,2.7,1,48,0.999655,0.00138,0.333333,0.043119,1.3e-05,0.273909,0.003937
0.2136,3.0,1,48,0.999718,0.001126,0.306756,0.087183,0.001009,0.230831,0.006161
0.2136,3.3,1,48,0.999473,0.002108,0.307318,0.061023,0.005604,0.344621,0.00639
0.2955,0.0,1,48,0.999986,5.6e-05,0.113978,0.014418,0.000407,0.022913,3.8e-05
0.2955,0.3,1,48,0.999975,9.9e-05,0.106882,0.011763,0.000354,0.027026,3.4e-05
0.2955,0.6,1,48,0.999919,0.000323,0.116346,0.018095,0.001721,0.0,0.0
0.2955,0.9,1,48,0.999909,0.000365,0.113939,0.05333,0.00133,0.002938,1.8e-05
0.2955,1.2,1,48,0.999986,5.6e-05,0.116416,0.044793,0.001512,0.039951,0.000208
0.2955,1.5,1,48,0.999944,0.000223,0.118115,0.057624,0.001542,0.070502,0.000478
0.2955,1.8,1,48,0.999193,0.003226,0.111825,0.072692,0.000222,0.245582,0.001995
0.2955,2.1,1,48,0.999029,0.003879,0.11197,0.083011,0.00022,0.243232,0.00226
0.2955,2.4,1,48,0.99902,0.003916,0.106265,0.095392,0.002975,0.290233,0.002925
0.2955,2.7,1,48,0.999204,0.003182,0.111671,0.126531,0.003355,0.326659,0.004585
0.2955,3.0,1,48,0.99936,0.002559,0.121628,0.108463,0.002562,0.319609,0.004195
0.2955,3.3,1,48,0.998881,0.00447,0.12407,0.08453,0.001801,0.391286,0.004089
0.3773,0.0,1,48,0.999796,0.000815,0.023344,0.013238,0.003555,0.090648,2.8e-05
0.3773,0.3,1,48,0.999969,0.000125,0.022013,0.028623,0.000598,0.017945,1.1e-05
0.3773,0.6,1,48,0.999952,0.00019,0.027468,0.0558,0.000937,0.026688,4.1e-05
0.3773,0.9,1,48,0.999913,0.000347,0.028124,0.043425,0.008677,0.093869,0.000113
0.3773,1.2,1,48,0.999651,0.001395,0.022632,0.064478,0.00482,0.061199,8.8e-05
0.3773,1.5,1,48,0.999535,0.001861,0.024569,0.145093,0.001248,0.184516,0.000656
0.3773,1.8,1,48,0.999503,0.001986,0.026422,0.106652,0.001517,0.212125,0.000596
0.3773,2.1,1,48,0.998641,0.00543,0.021412,0.10753,0.002041,0.288048,0.000661
0.3773,2.4,1,48,0.997651,0.009372,0.02187,0.163323,0.001411,0.419648,0.001495
0.3773,2.7,1,48,0.997967,0.008114,0.024874,0.157699,0.006409,0.428391,0.001659
0.3773,3.0,1,48,0.996516,0.013886,0.025221,0.194642,0.00018,0.552169,0.00271
0.3773,3.3,1,48,0.996036,0.015792,0.0222,0.177815,0.001143,0.5218,0.002055
0.4591,0.0,1,48,0.999828,0.000689,0.003361,0.027853,0.000543,0.055589,5e-06
0.4591,0.3,1,48,0.999881,0.000475,0.002221,0.03855,0.000189,0.093783,8e-06
0.4591,0.6,1,48,0.999548,0.001809,0.003586,0.034577,0.001068,0.087354,1.1e-05
0.4591,0.9,1,48,0.999778,0.000887,0.002719,0.070687,0.000614,0.126682,2.4e-05
0.4591,1.2,1,48,0.999628,0.001486,0.003937,0.075096,0.002878,0.189456,5.6e-05
0.4591,1.5,1,48,0.999023,0.003903,0.002671,0.137754,0.004557,0.251473,9.2e-05
0.4591,1.8,1,48,0.998323,0.006699,0.003274,0.165426,0.004103,0.352441,0.000189
0.4591,2.1,1,48,0.997375,0.010472,0.00282,0.149067,0.000374,0.348281,0.000146
0.4591,2.4,1,48,0.993701,0.025037,0.003831,0.193538,0.004838,0.476476,0.00035
0.4591,2.7,1,48,0.994229,0.022949,0.004041,0.160133,0.00044,0.490846,0.000317
0.4591,3.0,1,48,0.994558,0.021651,0.004172,0.197225,0.001077,0.499543,0.00041
0.4591,3.3,1,48,0.995101,0.019502,0.003287,0.192595,0.001654,0.523745,0.00033
0.5409,0.0,1,48,0.999739,0.001044,0.000246,0.018944,0.004524,0.127424,1e-06
0.5409,0.3,1,48,0.999666,0.001336,0.000227,0.034857,0.002027,0.144114,1e-06
0.5409,0.6,1,48,0.998991,0.004033,0.000332,0.041583,0.000457,0.212159,3e-06
0.5409,0.9,1,48,0.999541,0.001837,0.000183,0.093029,0.001374,0.144435,2e-06
0.5409,1.2,1,48,0.998641,0.00543,0.000294,0.071208,0.00185,0.223393,5e-06
0.5409,1.5,1,48,0.996586,0.013609,0.000207,0.154101,0.000395,0.325782,1e-05
0.5409,1.8,1,48,0.996268,0.01487,0.000163,0.188102,5.7e-05,0.350496,1.1e-05
0.5409,2.1,1,48,0.996146,0.015356,0.000255,0.174888,0.009081,0.373285,1.6e-05
0.5409,2.4,1,48,0.993806,0.024621,0.000244,0.198433,1.7e-05,0.503597,2.4e-05
0.5409,2.7,1,48,0.9921,0.031349,0.000733,0.169497,0.007313,0.51451,6.3e-05
0.5409,3.0,1,48,0.991267,0.034629,0.000348,0.218078,0.000113,0.539546,4.1e-05
0.5409,3.3,1,48,0.992621,0.029296,0.000342,0.202789,0.004529,0.556878,3.8e-05
0.6227,0.0,1,48,0.999879,0.000484,5e-06,0.007572,0.002944,0.112358,0.0
0.6227,0.3,1,48,0.999083,0.003663,2e-06,0.007743,0.006211,0.180107,0.0
0.6227,0.6,1,48,0.999215,0.003138,1e-05,0.036089,0.002112,0.156688,0.0
0.6227,0.9,1,48,0.998938,0.004245,3e-06,0.039685,0.001773,0.209103,0.0
0.6227,1.2,1,48,0.998368,0.006519,3.4e-05,0.079386,0.010832,0.23782,1e-06
0.6227,1.5,1,48,0.997022,0.011878,6e-06,0.111801,0.003524,0.305848,0.0
0.6227,1.8,1,48,0.995881,0.016408,2.4e-05,0.142867,0.002349,0.357705,1e-06
0.6227,2.1,1,48,0.993033,0.027674,1.2e-05,0.147058,0.001095,0.426291,1e-06
0.6227,2.4,1,48,0.992011,0.031702,7e-06,0.181073,0.005148,0.461978,1e-06
0.6227,2.7,1,48,0.989701,0.040772,4e-06,0.168681,0.000219,0.513557,0.0
0.6227,3.0,1,48,0.990717,0.036787,5e-06,0.171548,0.011986,0.53837,0.0
0.6227,3.3,1,48,0.987203,0.050535,3e-06,0.174504,0.00085,0.591343,0.0
0.7045,0.0,1,48,0.999813,0.000748,0.0,0.000288,0.002533,0.086498,0.0
0.7045,0.3,1,48,0.999705,0.001178,0.0,0.010595,0.00136,0.101283,0.0
0.7045,0.6,1,48,0.998907,0.004366,0.0,0.021409,0.001366,0.165356,0.0
0.7045,0.9,1,48,0.997976,0.00808,0.0,0.032018,0.000582,0.225978,0.0
0.7045,1.2,1,48,0.99722,0.011089,0.0,0.0692,0.000138,0.270828,0.0
0.7045,1.5,1,48,0.995582,0.017595,0.0,0.047326,0.001663,0.327015,0.0
0.7045,1.8,1,48,0.992905,0.028179,0.0,0.057303,0.002513,0.400205,0.0
0.7045,2.1,1,48,0.992709,0.02895,0.0,0.107792,0.004132,0.402423,0.0
0.7045,2.4,1,48,0.990722,0.036769,0.0,0.134568,4.8e-05,0.446781,0.0
0.7045,2.7,1,48,0.987757,0.048374,0.0,0.09255,0.001682,0.489906,0.0
0.7045,3.0,1,48,0.987349,0.049964,0.0,0.134097,0.000286,0.526378,0.0
0.7045,3.3,1,48,0.986928,0.051605,0.0,0.106214,0.003357,0.530814,0.0
0.7864,0.0,1,48,0.999739,0.001044,0.0,0.005402,0.000406,0.087865,0.0
0.7864,0.3,1,48,0.999275,0.002898,0.0,0.012516,0.002978,0.128707,0.0
0.7864,0.6,1,48,0.99926,0.002957,0.0,0.017893,0.000581,0.168004,0.0
0.7864,0.9,1,48,0.997722,0.00909,0.0,0.015728,0.002826,0.208183,0.0
0.7864,1.2,1,48,0.996871,0.012476,0.0,0.007656,0.006273,0.257635,0.0
0.7864,1.5,1,48,0.996973,0.012071,0.0,0.02962,0.000544,0.276621,0.0
0.7864,1.8,1,48,0.993997,0.023869,0.0,0.017583,0.001448,0.277504,0.0
0.7864,2.1,1,48,0.991788,0.032577,0.0,0.044258,0.003341,0.371772,0.0
0.7864,2.4,1,48,0.989722,0.04069,0.0,0.057584,0.005504,0.408198,0.0
0.7864,2.7,1,48,0.98896,0.043674,0.0,0.108861,0.002718,0.462507,0.0
0.7864,3.0,1,48,0.987111,0.050893,0.0,0.0967,0.004976,0.473545,0.0
0.7864,3.3,1,48,0.988166,0.046774,0.0,0.062736,0.000759,0.457871,0.0
0.8682,0.0,1,48,0.999647,0.00141,0.0,0.000251,0.000212,0.102783,0.0
0.8682,0.3,1,48,0.99913,0.003477,0.0,1.3e-05,0.004554,0.128979,0.0
0.8682,0.6,1,48,0.99818,0.007265,0.0,0.005932,0.005554,0.157374,0.0
0.8682,0.9,1,48,0.997672,0.009291,0.0,0.008677,0.000557,0.17777,0.0
0.8682,1.2,1,48,0.997648,0.009384,0.0,0.012283,0.000606,0.208365,0.0
0.8682,1.5,1,48,0.996706,0.013135,0.0,0.002021,0.00114,0.234161,0.0
0.8682,1.8,1,48,0.996316,0.01468,0.0,0.039462,0.000373,0.267755,0.0
0.8682,2.1,1,48,0.995066,0.019638,0.0,0.008272,0.000626,0.29815,0.0
0.8682,2.4,1,48,0.99032,0.038345,0.0,0.02058,0.002497,0.355141,0.0
0.8682,2.7,1,48,0.989276,0.042435,0.0,0.005896,0.000354,0.379537,0.0
0.8682,3.0,1,48,0.990884,0.03613,0.0,0.022495,0.003501,0.367539,0.0
0.8682,3.3,1,48,0.989666,0.040908,0.0,0.035788,0.000359,0.386136,0.0
0.95,0.0,1,48,0.999782,0.000872,0.0,0.001765,0.00401,0.052083,0.0
0.95,0.3,1,48,0.999786,0.000856,0.0,0.005876,0.00286,0.097405,0.0
0.95,0.6,1,48,0.999191,0.003233,0.0,0.000427,0.00355,0.126645,0.0
0.95,0.9,1,48,0.998644,0.005417,0.0,9e-06,0.001154,0.124817,0.0
0.95,1.2,1,48,0.997926,0.00828,0.0,0.010238,0.000367,0.162281,0.0
0.95,1.5,1,48,0.99704,0.011806,0.0,0.002666,0.005243,0.198648,0.0
0.95,1.8,1,48,0.996599,0.013557,0.0,0.000132,0.000354,0.206506,0.0
0.95,2.1,1,48,0.995775,0.016827,0.0,0.003179,0.005415,0.242507,0.0
0.95,2.4,1,48,0.994433,0.022145,0.0,0.002447,0.007639,0.281433,0.0
0.95,2.7,1,48,0.992767,0.028723,0.0,0.008686,0.000291,0.284174,0.0
0.95,3.0,1,48,0.993585,0.025497,0.0,0.006713,0.002196,0.283626,0.0
0.95,3.3,1,48,0.993541,0.025671,0.0,0.006337,0.000364,0.298246,0.0
