protocol,window_start,window_length,updates_in_window,contraction_bits,sorted_bits,destroyed_bits,chi,chi_resolution_ceiling,sector_contraction_bits,sector_sorted_bits,sector_destroyed_bits,chi_sector,final_retained_bits,final_protected_retained_bits,max_protected_leakage_bits,max_identity_residual,max_sigma_minus_gamma,max_sigma_minus_record_entropy,peak_record_entropy_over_capacity,peak_contraction_over_capacity,window_chi_ceiling,max_bandwidth_violation,bandwidth_limited_steps
uniform_decoder,0,8,0.0,2.001949,1.928762,0.073187,0.963442,0.666667,1.999998,1.928762,0.071236,0.964382,0.998051,0.998049,0.0,0.000e+00,-2.759e-04,-2.788e-01,1.0,0.889849,0.999026,0.000e+00,0
uniform_decoder,44,8,0.0,2.298668,1.526773,0.771895,0.664199,0.666667,2.0,1.526773,0.473227,0.763386,0.701332,0.701332,0.0,0.000e+00,-4.048e-02,-5.771e-01,1.0,0.933529,0.870069,0.000e+00,0
uniform_decoder,52,8,0.0,2.398183,1.3478,1.050383,0.562009,0.666667,2.0,1.3478,0.6522,0.6739,0.601817,0.601817,0.0,0.000e+00,-3.767e-02,-7.399e-01,1.0,0.949635,0.833965,0.000e+00,0
uniform_decoder,60,8,0.0,2.284039,1.375412,0.908627,0.602184,0.666667,2.0,1.375412,0.624588,0.687706,0.715961,0.715961,0.0,0.000e+00,-1.994e-02,-7.133e-01,1.0,0.948655,0.875642,0.000e+00,0
uniform_decoder,72,8,0.0,2.045279,1.708045,0.337234,0.835116,0.666667,2.0,1.708045,0.291954,0.854023,0.954721,0.954721,0.0,0.000e+00,-2.817e-03,-4.164e-01,1.0,0.924828,0.977862,0.000e+00,0
uniform_decoder,88,8,0.0,2.002772,1.922326,0.080446,0.959833,0.666667,1.999989,1.922326,0.077663,0.961168,0.997228,0.997217,0.0,0.000e+00,-3.429e-04,-3.123e-01,1.0,0.877388,0.998616,0.000e+00,0
static_tailored,0,8,0.0,2.0019,1.9302,0.0717,0.964184,0.666667,1.999998,1.9302,0.069798,0.965101,0.9981,0.998098,0.0,0.000e+00,-2.740e-04,-2.788e-01,1.0,0.889085,0.999051,0.000e+00,0
static_tailored,44,8,0.0,2.298354,1.527153,0.771201,0.664455,0.666667,2.0,1.527153,0.472847,0.763577,0.701646,0.701646,0.0,0.000e+00,-4.048e-02,-5.771e-01,1.0,0.933149,0.870188,0.000e+00,0
static_tailored,52,8,0.0,2.397844,1.348088,1.049756,0.562208,0.666667,2.0,1.348088,0.651912,0.674044,0.602156,0.602156,0.0,0.000e+00,-3.768e-02,-7.399e-01,1.0,0.94926,0.834082,0.000e+00,0
static_tailored,60,8,0.0,2.283687,1.37571,0.907977,0.602407,0.666667,2.0,1.37571,0.62429,0.687855,0.716313,0.716313,0.0,0.000e+00,-1.993e-02,-7.133e-01,1.0,0.948269,0.875777,0.000e+00,0
static_tailored,72,8,0.0,2.045038,1.708605,0.336432,0.835488,0.666667,2.0,1.708605,0.291394,0.854303,0.954962,0.954962,0.0,0.000e+00,-2.801e-03,-4.164e-01,1.0,0.924379,0.977977,0.000e+00,0
static_tailored,88,8,0.0,2.002555,1.92446,0.078095,0.961002,0.666667,1.999988,1.92446,0.075527,0.962236,0.997445,0.997432,0.0,0.000e+00,-3.224e-04,-3.123e-01,1.0,0.876339,0.998724,0.000e+00,0
adaptive_decoder,0,8,0.0,2.0019,1.9302,0.0717,0.964184,0.666667,1.999998,1.9302,0.069798,0.965101,0.9981,0.998098,0.0,0.000e+00,-2.740e-04,-2.788e-01,1.0,0.889085,0.999051,0.000e+00,0
adaptive_decoder,44,8,0.0,2.298354,1.527153,0.771201,0.664455,0.666667,2.0,1.527153,0.472847,0.763577,0.701646,0.701646,0.0,0.000e+00,-4.048e-02,-5.771e-01,1.0,0.933149,0.870188,0.000e+00,0
adaptive_decoder,52,8,1.0,2.398865,1.347097,1.051768,0.561556,0.666667,2.0,1.347097,0.652903,0.673549,0.601135,0.601135,0.0,0.000e+00,-3.761e-02,-7.399e-01,1.0,0.950864,0.833728,0.000e+00,0
adaptive_decoder,60,8,1.0,2.284748,1.375623,0.909124,0.60209,0.666667,2.0,1.375623,0.624377,0.687812,0.715252,0.715252,0.0,0.000e+00,-1.989e-02,-7.133e-01,1.0,0.948453,0.87537,0.000e+00,0
adaptive_decoder,72,8,2.0,2.046569,1.706382,0.340188,0.833777,0.666667,2.0,1.706382,0.293618,0.853191,0.953431,0.953431,0.0,0.000e+00,-2.799e-03,-4.164e-01,1.0,0.926564,0.977245,0.000e+00,0
adaptive_decoder,88,8,0.0,2.002555,1.92446,0.078095,0.961002,0.666667,1.999988,1.92446,0.075527,0.962236,0.997445,0.997432,0.0,0.000e+00,-3.224e-04,-3.123e-01,1.0,0.876339,0.998724,0.000e+00,0
overactive_decoder,0,8,8.0,2.004749,1.923347,0.081402,0.959395,0.666667,1.999999,1.923347,0.076651,0.961674,0.995251,0.995249,0.0,0.000e+00,-6.612e-04,-2.788e-01,1.0,0.893132,0.997631,0.000e+00,0
overactive_decoder,44,8,8.0,2.306037,1.525705,0.780332,0.661613,0.666667,2.0,1.525705,0.474295,0.762852,0.693963,0.693963,0.0,0.000e+00,-4.158e-02,-5.771e-01,1.0,0.934761,0.867289,0.000e+00,0
overactive_decoder,52,8,8.0,2.405094,1.346988,1.058107,0.560056,0.666667,2.0,1.346988,0.653012,0.673494,0.594906,0.594906,0.0,0.000e+00,-3.813e-02,-7.399e-01,1.0,0.950864,0.831568,0.000e+00,0
overactive_decoder,60,8,8.0,2.291042,1.374649,0.916393,0.600011,0.666667,2.0,1.374649,0.625351,0.687325,0.708958,0.708958,0.0,0.000e+00,-2.054e-02,-7.133e-01,1.0,0.949778,0.872965,0.000e+00,0
overactive_decoder,72,8,8.0,2.050387,1.706126,0.344261,0.832099,0.666667,2.0,1.706126,0.293874,0.853063,0.949613,0.949613,0.0,0.000e+00,-3.364e-03,-4.164e-01,1.0,0.926564,0.975426,0.000e+00,0
overactive_decoder,88,8,8.0,2.005946,1.915394,0.090551,0.954859,0.666667,1.999993,1.915394,0.084598,0.957701,0.994054,0.994047,0.0,0.000e+00,-7.728e-04,-3.123e-01,1.0,0.881062,0.997036,0.000e+00,0
instant_proxy_decoder,0,8,0.0,2.0019,1.9302,0.0717,0.964184,0.666667,1.999998,1.9302,0.069798,0.965101,0.9981,0.998098,0.0,0.000e+00,-2.740e-04,-2.788e-01,1.0,0.889085,0.999051,0.000e+00,0
instant_proxy_decoder,44,8,0.0,2.298431,1.527055,0.771377,0.66439,0.666667,2.0,1.527055,0.472945,0.763527,0.701569,0.701569,0.0,0.000e+00,-4.047e-02,-5.771e-01,1.0,0.933297,0.870159,0.000e+00,0
instant_proxy_decoder,52,8,0.0,2.397953,1.348021,1.049932,0.562155,0.666667,2.0,1.348021,0.651979,0.67401,0.602047,0.602047,0.0,0.000e+00,-3.767e-02,-7.399e-01,1.0,0.949404,0.834045,0.000e+00,0
instant_proxy_decoder,60,8,0.0,2.283757,1.375639,0.908118,0.602358,0.666667,2.0,1.375639,0.624361,0.68782,0.716243,0.716243,0.0,0.000e+00,-1.992e-02,-7.133e-01,1.0,0.948453,0.87575,0.000e+00,0
instant_proxy_decoder,72,8,0.0,2.045038,1.708605,0.336432,0.835488,0.666667,2.0,1.708605,0.291394,0.854303,0.954962,0.954962,0.0,0.000e+00,-2.801e-03,-4.164e-01,1.0,0.924379,0.977977,0.000e+00,0
instant_proxy_decoder,88,8,0.0,2.002555,1.92446,0.078095,0.961002,0.666667,1.999988,1.92446,0.075527,0.962236,0.997445,0.997432,0.0,0.000e+00,-3.224e-04,-3.123e-01,1.0,0.876339,0.998724,0.000e+00,0
