protocol,window_start,step,round,updated,total_bits,exported_bits,retained_bits,contraction_bits,sorted_bits,destroyed_bits,sector_total_bits,sector_exported_bits,sector_retained_bits,sector_contraction_bits,sector_sorted_bits,sector_destroyed_bits,protected_exported_bits,protected_retained_bits,capacity_bits,record_entropy_bits,branches
uniform_decoder,0,0,0,0.0,3.0,0.0,3.0,0.0,0.0,0.0,2.0,0.0,2.0,0.0,0.0,0.0,0.0,1.0,0.0,0.0,1
uniform_decoder,0,1,1,0.0,2.941535123205092,1.7212337482348847,1.2203013749702072,1.7796986250297928,1.7212337482348847,0.05846487679490808,1.941640290802614,1.7212337482348854,0.22040654256772862,1.7795934574322714,1.7212337482348854,0.05835970919738598,0.0,0.9998948324024782,2.0,2.000000000000001,4
uniform_decoder,0,2,2,0.0,2.9306753299871713,1.8797101804940406,1.0509651494931307,0.1693362254770765,0.15847643225915586,0.010859793217920632,1.931006745857745,1.8797101804940413,0.05129656536370364,0.16910997720402499,0.15847643225915586,0.010633544944869122,0.0,0.9996685841294267,2.0,0.49443610927652226,16
uniform_decoder,0,3,3,0.0,2.9285576914375233,1.9224969450186982,1.0060607464188251,0.04490440307430554,0.04278676452465757,0.002117638549647971,1.9291244502558083,1.9224969450186984,0.006627505237109865,0.044669060126593774,0.04278676452465713,0.0018822956019366455,0.0,0.9994332411817155,2.0,0.39421259809873105,64
uniform_decoder,0,4,4,0.0,2.9280252522953996,1.9272622942576856,1.000762958037714,0.005297788381111168,0.004765349238987415,0.0005324391421237529,1.928831820219438,1.9272622942576862,0.0015695259617518609,0.005057979275358004,0.004765349238987859,0.00029263003637014506,0.0,0.9991934320759618,2.0,0.3581028759921175,256
uniform_decoder,0,5,5,0.0,2.927718941171933,1.928555589822315,0.9991633513496179,0.0015996066880961113,0.0012932955646294264,0.0003063111234666849,1.9287752394500794,1.928555589822316,0.0002196496277635518,0.001349876333988309,0.0012932955646296485,5.658076935866063e-05,0.0,0.9989437017218546,2.0,0.3564814109388905,1024
uniform_decoder,0,6,6,0.0,2.9274430148938317,1.928713273479509,0.9987297414143228,0.0004336099352950651,0.00015768365719392996,0.0002759262781011351,1.9287659656034615,1.9287132734795105,5.269212395098144e-05,0.00016695750381257035,0.0001576836571945961,9.273846617974257e-06,0.0,0.9986770492903717,2.0,0.3571535040327373,4096
uniform_decoder,0,7,7,0.0,2.927147525864721,1.9287561936636766,0.9983913322010443,0.00033840921327854545,4.292018416762744e-05,0.000295489029110918,1.9287640277160254,1.9287561936636781,7.83405234727752e-06,4.485807160370392e-05,4.292018416762744e-05,1.9378874360764797e-06,0.0,0.9983834981486971,2.0,0.35921735103679175,16384
uniform_decoder,0,8,8,0.0,2.9268127584789885,1.9287618122970627,0.9980509461819258,0.0003403860191184549,5.618633386106353e-06,0.00033476738573234854,1.9287636980953513,1.9287618122970644,1.8857982868603074e-06,5.948254060417213e-06,5.618633386328398e-06,3.2962067408881524e-07,0.0,0.9980490603836394,2.0,0.36206322206424335,65536
uniform_decoder,44,0,44,0.0,3.0,0.0,3.0,0.0,0.0,0.0,2.0,0.0,2.0,0.0,0.0,0.0,0.0,1.0,0.0,0.0,1
uniform_decoder,44,1,45,0.0,2.5558332821166636,1.422890936071994,1.1329423460446697,1.8670576539553303,1.422890936071994,0.4441667178833364,1.573162157381693,1.4228909360719941,0.15027122130969883,1.8497287786903012,1.4228909360719941,0.42683784261830704,0.0,0.982671124734971,2.0,2.000000000000001,4
uniform_decoder,44,2,46,0.0,2.481118225376239,1.5107955734772265,0.9703226518990125,0.16261969414565725,0.08790463740523258,0.07471505674042467,1.5317274759999981,1.5107955734772263,0.020931902522771884,0.12933931878692695,0.08790463740523213,0.041434681381694816,0.0,0.9493907493762404,2.0,0.9333104497234097,16
uniform_decoder,44,3,47,0.0,2.4392425292492503,1.525237284523527,0.9140052447257234,0.056317407173289036,0.014441711046300432,0.041875696126988604,1.5273770846009005,1.5252372845235262,0.002139800077374243,0.01879210244539764,0.014441711046299988,0.004350391399097653,0.0,0.9118654446483492,2.0,0.919072593527005,64
uniform_decoder,44,4,48,0.0,2.3987644785151354,1.5265814952699903,0.8721829832451451,0.04182226148057833,0.0013442107464634034,0.04047805073411492,1.526840965011373,1.5265814952699892,0.00025946974138379986,0.0018803303359904433,0.0013442107464629593,0.000536119589527484,0.0,0.8719235135037611,2.0,0.9437141737183806,256
uniform_decoder,44,5,49,0.0,2.3570136579863394,1.5267536006531197,0.8302600573332197,0.04192292591192537,0.00017210538312939505,0.04175082052879597,1.5267804588676912,1.526753600653119,2.6858214572156314e-05,0.00023261152681164354,0.00017210538312983914,6.05061436818044e-05,0.0,0.8302331991186478,2.0,0.9756878807315603,1024
uniform_decoder,44,6,50,0.0,2.314223434601355,1.526770623043098,0.7874528115582571,0.04280724577496264,1.7022389978249564e-05,0.042790223384984394,1.52677358574624,1.526770623043097,2.9627031428169914e-06,2.3895511429339322e-05,1.702238997802752e-05,6.873121451311803e-06,0.0,0.7874498488551145,2.0,1.0053354991126144,4096
uniform_decoder,44,7,51,0.0,2.2710294768338315,1.526772515702552,0.7442569611312795,0.0431958504269776,1.8926594540502606e-06,0.04319395776752355,1.5267728245817462,1.5267725157025516,3.0887919466593416e-07,2.6538239481510573e-06,1.8926594544943498e-06,7.611644936567075e-07,0.0,0.7442566522520848,2.0,1.031595320182043,16384
uniform_decoder,44,8,52,0.0,2.2281049165747593,1.5267727095449815,0.7013322070297778,0.04292475410150165,1.9384242944120444e-07,0.04292456025907221,1.5267727419763775,1.5267727095449812,3.243139623521074e-08,2.764477984307234e-07,1.9384242966324905e-07,8.260536876747437e-08,0.0,0.7013321745983809,2.0,1.054022253727801,65536
uniform_decoder,52,0,52,0.0,3.0,0.0,3.0,0.0,0.0,0.0,2.0,0.0,2.0,0.0,0.0,0.0,0.0,1.0,0.0,0.0,1
uniform_decoder,52,1,53,0.0,2.3608694517505286,1.26014042336167,1.1007290283888587,1.8992709716111413,1.26014042336167,0.6391305482494714,1.3998916588421304,1.2601404233616698,0.13975123548046064,1.8602487645195394,1.2601404233616698,0.6001083411578696,0.0,0.960977792908398,2.0,2.0,4
uniform_decoder,52,2,54,0.0,2.2508741581736045,1.3364551415452128,0.9144190166283916,0.18631001176046702,0.07631471818354285,0.10999529357692417,1.3527206807945453,1.3364551415452137,0.016265539249331606,0.12348569623112904,0.07631471818354396,0.04717097804758508,0.0,0.8981534773790596,2.0,1.1362772893885247,16
uniform_decoder,52,3,55,0.0,2.185729517635951,1.3467557782800494,0.8389737393559014,0.07544527727249029,0.01030063673483661,0.06514464053765368,1.3483112810645728,1.3467557782800497,0.0015555027845230995,0.014710036464808507,0.010300636734835944,0.004409399729972563,0.0,0.8374182365713785,2.0,1.1034947727504616,64
uniform_decoder,52,4,56,0.0,2.1287873241972495,1.347686772129352,0.7811005520678975,0.057873187288003836,0.0009309938493025083,0.05694219343870133,1.347851560724831,1.347686772129352,0.00016478859547897073,0.0013907141890441288,0.0009309938493022862,0.00045972033974184257,0.0,0.7809357634724183,2.0,1.1013587055496807,256
uniform_decoder,52,5,57,0.0,2.076836668868113,1.3477892707675274,0.7290473981005856,0.052053153967311916,0.00010249863817546334,0.05195065532913645,1.3478054640441286,1.3477892707675267,1.6193276601850215e-05,0.00014859531887712052,0.00010249863817479721,4.609668070232331e-05,0.0,0.7290312048239835,2.0,1.1010213261187727,1024
uniform_decoder,52,6,58,0.0,2.0296666295763366,1.347799191019986,0.6818674385563506,0.04717995954423504,9.920252458606171e-06,0.04717003929177643,1.3478008378712458,1.347799191019985,1.646851260916904e-06,1.4546425340933311e-05,9.920252458162082e-06,4.626172882771229e-06,0.0,0.6818657917050897,2.0,1.0965093387322067,4096
uniform_decoder,52,7,59,0.0,1.987289996259613,1.3478002097336101,0.6394897865260027,0.04237765203034782,1.018713624123535e-06,0.0423766333167237,1.34780037530011,1.3478002097336093,1.655665007316287e-07,1.4812847601852752e-06,1.0187136243455797e-06,4.6257113583969556e-07,0.0,0.6394896209595021,2.0,1.087355020664429,16384
uniform_decoder,52,8,60,0.0,1.9496169674964978,1.3478003123712505,0.6018166551252473,0.037673131400755455,1.0263764038676015e-07,0.03767302876311507,1.3478003292485685,1.34780031237125,1.6877318431696153e-08,1.4868918229993255e-07,1.0263764083084936e-07,4.605154146908319e-08,0.0,0.6018166382479291,2.0,1.0735579051197837,65536
uniform_decoder,60,0,60,0.0,3.0,0.0,3.0,0.0,0.0,0.0,2.0,0.0,2.0,0.0,0.0,0.0,0.0,1.0,0.0,0.0,1
uniform_decoder,60,1,61,0.0,2.389381589760157,1.2866908738919658,1.1026907158681911,1.8973092841318089,1.2866908738919658,0.6106184102398431,1.4256611258783467,1.2866908738919656,0.13897025198638113,1.8610297480136189,1.2866908738919656,0.5743388741216533,0.0,0.9637204638818098,2.0,1.9999999999999991,4
uniform_decoder,60,2,62,0.0,2.290096376608031,1.3634600421623322,0.9266363344456989,0.1760543814224922,0.0767691682703664,0.0992852131521258,1.3799423669026885,1.3634600421623317,0.016482324740356713,0.12248792724602442,0.07676916827036617,0.04571875897565825,0.0,0.9101540097053427,2.0,1.0836595415435382,16
uniform_decoder,60,3,63,0.0,2.238767650611341,1.3742577816237145,0.8645098689876265,0.06212646545807243,0.010797739461382294,0.05132872599669014,1.3758865161489773,1.3742577816237143,0.0016287345252630203,0.014853590215093693,0.010797739461382516,0.0040558507537111765,0.0,0.8628811344623639,2.0,1.0145789781596792,64
uniform_decoder,60,4,64,0.0,2.1980784573861785,1.3752740253530091,0.8228044320331693,0.041705436954457165,0.0010162437292946525,0.04068919322516251,1.3754599706874022,1.3752740253530094,0.00018594533439286742,0.001442789190870153,0.0010162437292950965,0.00042654546157505635,0.0,0.8226184866987768,2.0,0.9770781192962332,256
uniform_decoder,60,5,65,0.0,2.1639623214536656,1.3753973503291717,0.788564971124494,0.034239460908675357,0.00012332497616251992,0.03411613593251284,1.375417027675235,1.3753973503291728,1.9677346062341172e-05,0.00016626798833052625,0.0001233249761634081,4.2943012167118155e-05,0.0,0.7885452937784315,2.0,0.943265099994711,1024
uniform_decoder,60,6,66,0.0,2.1352888716064804,1.3754103324416023,0.7598785391648781,0.028686431959615843,1.298211243061509e-05,0.02867344984718523,1.37541256081276,1.3754103324416034,2.2283711567094855e-06,1.7448974905631687e-05,1.298211243061509e-05,4.4668624750165975e-06,0.0,0.7598763107937213,2.0,0.9073112365172172,4096
uniform_decoder,60,7,67,0.0,2.1113081732873207,1.3754118424669675,0.7358963308203532,0.023982208344524913,1.5100253651922912e-06,0.02398069831915972,1.3754120924644215,1.375411842466968,2.499974536274152e-07,1.9783737030820703e-06,1.5100253645261574e-06,4.6834833855591285e-07,0.0,0.7358960808229,2.0,0.869252611557044,16384
uniform_decoder,60,8,68,0.0,2.0913731218415688,1.3754120139093908,0.7159611079321779,0.019935222888175286,1.7144242336897264e-07,0.019935051445751917,1.3754120428008063,1.3754120139093913,2.889141503814585e-08,2.2110603858926936e-07,1.7144242336897264e-07,4.966361522029672e-08,0.0,0.7159610790407623,2.0,0.8295954516680999,65536
uniform_decoder,72,0,72,0.0,3.0,0.0,3.0,0.0,0.0,0.0,2.0,0.0,2.0,0.0,0.0,0.0,0.0,1.0,0.0,0.0,1
uniform_decoder,72,1,73,0.0,2.7339843895503675,1.583639503425438,1.1503448861249295,1.8496551138750705,1.583639503425438,0.2660156104496325,1.7400408464890047,1.5836395034254378,0.1564013430635669,1.843598656936433,1.5836395034254378,0.2599591535109953,0.0,0.9939435430613626,2.0,1.9999999999999996,4
uniform_decoder,72,2,74,0.0,2.6958143618548234,1.6851425149920343,1.010671846862789,0.13967303926214036,0.10150301156659625,0.03817002769554412,1.7111784401723635,1.6851425149920347,0.026035925180328823,0.13036541788323808,0.10150301156659691,0.028862406316641165,0.0,0.9846359216824601,2.0,0.6715809821359611,16
uniform_decoder,72,3,75,0.0,2.685120218193158,1.7056516019408738,0.9794686162522843,0.031203230610504784,0.020509086948839572,0.010694143661665212,1.708472220095601,1.705651601940875,0.0028206181547261178,0.023215307025602705,0.02050908694884024,0.0027062200767624667,0.0,0.9766479980975584,2.0,0.577151833556961,64
uniform_decoder,72,4,76,0.0,2.678338530913648,1.707633724982076,0.9707048059315717,0.008763810320712606,0.001982123041202266,0.00678168727951034,1.7080920709833936,1.707633724982077,0.00045834600131655634,0.0023622721534095614,0.001982123041202044,0.00038014911220751735,0.0,0.970246459930255,2.0,0.5300064759386125,256
uniform_decoder,72,5,77,0.0,2.6731641217511637,1.7079986355835628,0.9651654861676009,0.005539319763970818,0.00036491060148668986,0.005174409162484128,1.7080518793011983,1.7079986355835637,5.324371763459901e-05,0.00040510228368195733,0.00036491060148668986,4.0191682195267475e-05,0.0,0.9651122424499666,2.0,0.5020928182704005,1024
uniform_decoder,72,6,78,0.0,2.668998761539092,1.7080376386504126,0.9609611228886794,0.004204363278921486,3.9003066849785384e-05,0.0041653602120717,1.7080463412703688,1.7080376386504135,8.702619955336388e-06,4.454109767926262e-05,3.9003066849785384e-05,5.538030829477236e-06,0.0,0.960952420268724,2.0,0.47989482935090366,4096
uniform_decoder,72,7,79,0.0,2.6655831693112617,1.708044561513005,0.9575386077982566,0.0034225150904227952,6.922862592517731e-06,0.0034155922278302775,1.708045699326068,1.708044561513006,1.137813061991011e-06,7.564806893345377e-06,6.922862592517731e-06,6.41944300827646e-07,0.0,0.9575374699851945,2.0,0.4632061137797482,16384
uniform_decoder,72,8,80,0.0,2.6627663806679003,1.7080454086507024,0.9547209720171979,0.0028176357810587582,8.471376973240297e-07,0.002816788643361434,1.708045608213498,1.708045408650703,1.9956279495580986e-07,9.382502670352011e-07,8.471376971019851e-07,9.111256993321604e-08,0.0,0.954720772454403,2.0,0.4514854258893822,65536
uniform_decoder,88,0,88,0.0,3.0,0.0,3.0,0.0,0.0,0.0,2.0,0.0,2.0,0.0,0.0,0.0,0.0,1.0,0.0,0.0,1
uniform_decoder,88,1,89,0.0,2.932959027215822,1.6877354205807005,1.2452236066351214,1.7547763933648786,1.6877354205807005,0.06704097278417809,1.933193534498889,1.6877354205807014,0.24545811391818773,1.7545418860818123,1.6877354205807014,0.06680646550111091,0.0,0.9997654927169336,2.0,2.000000000000001,4
uniform_decoder,88,2,90,0.0,2.9239865668429026,1.850651678527164,1.0733348883157385,0.1718887183193829,0.16291625794646358,0.008972460372919322,1.924617782884568,1.8506516785271647,0.07396610435740336,0.17149200956078436,0.16291625794646336,0.008575751614321003,0.0,0.999368783958335,2.0,0.5559073566371694,16
uniform_decoder,88,3,91,0.0,2.921813887421898,1.9090181775552533,1.0127957098666447,0.060539178449093844,0.058366499028089214,0.0021726794210046307,1.9228414273419268,1.909018177555254,0.01382324978667282,0.06014285457073054,0.058366499028089214,0.001776355542641328,0.0,0.9989724600799718,2.0,0.4555580016532257,64
uniform_decoder,88,4,92,0.0,2.921049581804269,1.918539798595583,1.0025097832086862,0.010285926657958466,0.00952162104032972,0.0007643056176287466,1.9224507367407835,1.9185397985955832,0.003910938145200271,0.009912311641472549,0.009521621040329276,0.00039069060114327314,0.0,0.9985988450634858,2.0,0.40654104410151704,256
uniform_decoder,88,5,93,0.0,2.920606340387542,1.9215742856948763,0.9990320546926656,0.003477728516020573,0.003034487099293326,0.00044324141672724693,1.9223630328607155,1.9215742856948768,0.0007887471658387657,0.0031221909793615055,0.003034487099293548,8.770388006795748e-05,0.0,0.9982433075268264,2.0,0.4003578017853395,1024
uniform_decoder,88,6,94,0.0,2.9202417207602536,1.9221361900409917,0.9981055307192619,0.0009265239734037589,0.0005619043461153606,0.00036461962728839836,1.9223429241228187,1.9221361900409915,0.0002067340818272534,0.0005820130840115123,0.0005619043461146944,2.0108737896817885e-05,0.0,0.9978987966374351,2.0,0.3983275644415013,4096
uniform_decoder,88,7,95,0.0,2.919897305281253,1.922293724869537,0.9976035804117158,0.000501950307546073,0.00015753482854541367,0.0003444154790006593,1.9223383381977348,1.9222937248695364,4.461332819838404e-05,0.00016212075362886935,0.00015753482854496959,4.585925083899767e-06,0.0,0.9975589670835174,2.0,0.39852103432498276,16384
uniform_decoder,88,8,96,0.0,2.919554453437694,1.9223261607321733,0.9972282927055205,0.00037528770619532636,3.2435862636237545e-05,0.0003428518435590888,1.9223372624777493,1.9223261607321727,1.1101745576613808e-05,3.351158262177023e-05,3.2435862636237545e-05,1.075719985532686e-06,0.0,0.9972171909599439,2.0,0.3990358566676135,65536
static_tailored,0,0,0,0.0,3.0,0.0,3.0,0.0,0.0,0.0,2.0,0.0,2.0,0.0,0.0,0.0,0.0,1.0,0.0,0.0,1
static_tailored,0,1,1,0.0,2.9430628921427755,1.7212337482348847,1.2218291439078908,1.7781708560921092,1.7212337482348847,0.0569371078572245,1.9431592222445675,1.7212337482348854,0.2219254740096821,1.778074525990318,1.7212337482348854,0.0568407777554325,0.0,0.9999036698982083,2.0,2.000000000000001,4
static_tailored,0,2,2,0.0,2.9321094262089153,1.8800706874244821,1.0520387387844332,0.16979040512345756,0.1588369391895974,0.010953465933860151,1.9324132655916408,1.8800706874244828,0.05234257816715804,0.16958289584252406,0.1588369391895974,0.010745956652926658,0.0,0.9996961606172751,2.0,0.49276412747664233,16
static_tailored,0,3,3,0.0,2.930037047899828,1.9236737846338186,1.0063632632660096,0.04567547551842366,0.04360309720933642,0.0020723783090872416,1.9305709779412332,1.9236737846338188,0.006897193307414451,0.04544538485974359,0.04360309720933597,0.0018422876504076147,0.0,0.9994660699585952,2.0,0.3939995134005764,64
static_tailored,0,4,4,0.0,2.9295011326810134,1.9286131096377832,1.0008880230432302,0.005475240222779343,0.004939325003964656,0.0005359152188146865,1.930272893974268,1.9286131096377839,0.0016597843364840603,0.005237408970930391,0.0049393250039651004,0.00029808396696529016,0.0,0.9992282387067459,2.0,0.35798195780200354,256
static_tailored,0,5,5,0.0,2.9291943981218465,1.9299757693089452,0.9992186288129012,0.0016693942303289688,0.0013626596711620031,0.0003067345591669657,1.93021420344606,1.929975769308946,0.00023843413711399641,0.001421350199370064,0.0013626596711622252,5.869052820783871e-05,0.0,0.998980194675787,2.0,0.3563341641109829,1024
static_tailored,0,6,6,0.0,2.9289204137723432,1.9301464148864078,0.9987739988859354,0.0004446299269658116,0.00017064557746260256,0.00027398434950320905,1.9302044174992379,1.930146414886409,5.800261282895569e-05,0.00018043152428504072,0.0001706455774628246,9.785946822216118e-06,0.0,0.9987159962731066,2.0,0.35697082999311336,4096
static_tailored,0,7,7,0.0,2.928628614055052,1.9301934561367515,0.9984351579183004,0.0003388409676350346,4.7041250343715646e-05,0.00029179971729131893,1.9302023214211954,1.9301934561367529,8.865284442549637e-06,4.9137328386406054e-05,4.704125034393769e-05,2.0960780424683634e-06,0.0,0.9984262926338584,2.0,0.3590266879614946,16384
static_tailored,0,8,8,0.0,2.928299805047568,1.9301997941669988,0.9981000108805693,0.0003351470377310761,6.338030247299287e-06,0.00032880900748377684,1.9302019585342278,1.9301997941670006,2.164367227219799e-06,6.700917215329838e-06,6.338030247743376e-06,3.628869675864621e-07,0.0,0.9980978465133421,2.0,0.3618673634506171,65536
static_tailored,44,0,44,0.0,3.0,0.0,3.0,0.0,0.0,0.0,2.0,0.0,2.0,0.0,0.0,0.0,0.0,1.0,0.0,0.0,1
static_tailored,44,1,45,0.0,2.5565925272304786,1.422890936071994,1.1337015911584847,1.8662984088415153,1.422890936071994,0.4434074727695214,1.5737725017179574,1.4228909360719943,0.150881565645963,1.849118434354037,1.4228909360719943,0.42622749828204265,0.0,0.9828200255125216,2.0,2.000000000000001,4
static_tailored,44,2,46,0.0,2.481795584239632,1.5109976078390266,0.9707979764006056,0.16290361475787907,0.08810667176703268,0.07479694299084638,1.5321591210658172,1.5109976078390264,0.02116151322679083,0.12972005241917217,0.08810667176703202,0.04161338065214015,0.0,0.9496364631738146,2.0,0.9320780771307023,16
static_tailored,44,3,47,0.0,2.439908991801981,1.525587602208559,0.9143213895934219,0.056476586807183704,0.014589994369532455,0.04188659243765125,1.5277700020116662,1.5255876022085584,0.0021823998031078595,0.01897911342368297,0.014589994369532011,0.004389119054150958,0.0,0.9121389897903136,2.0,0.9188836641188927,64
static_tailored,44,4,48,0.0,2.3994339090002255,1.5269564175785502,0.8724774914216753,0.04184389817174661,0.0013688153699911165,0.04047508280175549,1.5272233664214523,1.5269564175785488,0.00026694884290345833,0.0019154509602044012,0.0013688153699904504,0.0005466355902139508,0.0,0.8722105425787718,2.0,0.9435706318223361,256
static_tailored,44,5,49,0.0,2.357691440491561,1.5271333820277455,0.8305580584638155,0.041919432957859826,0.00017696444919534926,0.041742468508664476,1.527161234073811,1.5271333820277448,2.7852046066145775e-05,0.00023909679683731255,0.0001769644491960154,6.213234764129716e-05,0.0,0.8305302064177492,2.0,0.9755397160397545,1024
static_tailored,44,6,50,0.0,2.3149086503154312,1.5271510124582701,0.7877576378571611,0.042800420606654344,1.7630430524606666e-05,0.04278279017612974,1.5271541118944847,1.5271510124582695,3.099436215237006e-06,2.475260985090877e-05,1.7630430524606666e-05,7.122179326302103e-06,0.0,0.7877545384209458,2.0,1.0051796676421447,4096
static_tailored,44,7,51,0.0,2.2717202373055176,1.5271529912654185,0.7445672460400992,0.04319039181706197,1.9788071483617387e-06,0.04318841300991361,1.5271533169009577,1.5271529912654178,3.256355398661981e-07,2.7738006753708078e-06,1.9788071483617387e-06,7.949935270090691e-07,0.0,0.7445669204045593,2.0,1.031433262126618,16384
static_tailored,44,8,52,0.0,2.228799278412331,1.5271531954210844,0.7016460829912465,0.04292116304885263,2.0415566592824064e-07,0.0429209588931867,1.527153229901264,1.527153195421084,3.448018004448272e-08,2.9115535982171536e-07,2.0415566615028524e-07,8.699969367143012e-08,0.0,0.7016460485110664,2.0,1.0538545706601445,65536
static_tailored,52,0,52,0.0,3.0,0.0,3.0,0.0,0.0,0.0,2.0,0.0,2.0,0.0,0.0,0.0,0.0,1.0,0.0,0.0,1
static_tailored,52,1,53,0.0,2.3616201584812084,1.26014042336167,1.1014797351195385,1.8985202648804615,1.26014042336167,0.6383798415187916,1.4004206254146765,1.26014042336167,0.1402802020530065,1.8597197979469935,1.26014042336167,0.5995793745853235,0.0,0.9611995330665318,2.0,2.0,4
static_tailored,52,2,54,0.0,2.2515446442377742,1.336625727715387,0.9149189165223872,0.18656081859715123,0.07648530435371703,0.1100755142434342,1.3530618144360413,1.3366257277153877,0.016436086720653664,0.12384411533235284,0.0764853043537177,0.047358810978635146,0.0,0.8984828298017332,2.0,1.1352232128019106,16
static_tailored,52,3,55,0.0,2.186373658963392,1.347023993453453,0.8393496655099391,0.07556925101244816,0.010398265738065904,0.06517098527438225,1.3486096603396875,1.3470239934534534,0.0015856668862341827,0.014850419834419482,0.010398265738065682,0.0044521540963538,0.0,0.837763998623705,2.0,1.103264374516324,64
static_tailored,52,4,56,0.0,2.1294249376167746,1.3479717335429438,0.7814532040738309,0.05789646143610816,0.0009477400894908339,0.056948721346617326,1.3481411198991418,1.347971733542944,0.00016938635619778708,0.0014162805300363956,0.0009477400894906118,0.0004685404405457838,0.0,0.7812838177176333,2.0,1.1011742295661064,256
static_tailored,52,5,57,0.0,2.077472487665564,1.3480770108364377,0.7293954768291264,0.05205772724470448,0.00010527729349396608,0.05195244995121051,1.3480937883456425,1.348077010836437,1.6777509205478935e-05,0.00015260884699230814,0.0001052772934930779,4.733155349923024e-05,0.0,0.7293786993199207,2.0,1.1008370017596119,1024
static_tailored,52,6,58,0.0,2.0303002284397613,1.3480872776011847,0.6822129508385766,0.04718252599054984,1.0266764747024482e-05,0.047172259225802815,1.3480889981637723,1.3480872776011834,1.7205625888472298e-06,1.5056946616631706e-05,1.0266764746358348e-05,4.790181870273358e-06,0.0,0.6822112302759877,2.0,1.0963237401148387,4096
static_tailored,52,7,59,0.0,1.9879205859696845,1.348088341052989,0.6398322449166955,0.042380705921881034,1.063451804172999e-06,0.04237964247007686,1.348088515393,1.3480883410529882,1.7434001176042102e-07,1.5462225770868088e-06,1.0634518048391328e-06,4.82770772247676e-07,0.0,0.6398320705766837,2.0,1.087169537952045,16384
static_tailored,52,8,60,0.0,1.950244097637798,1.3480884490254992,0.6021556486122988,0.03767659630439679,1.0797251026595234e-07,0.037676488331886526,1.3480884669429458,1.348088449025499,1.7917446859527786e-08,1.5642256490089324e-07,1.0797251071004155e-07,4.845005419085169e-08,0.0,0.602155630694852,2.0,1.0733735287034154,65536
static_tailored,60,0,60,0.0,3.0,0.0,3.0,0.0,0.0,0.0,2.0,0.0,2.0,0.0,0.0,0.0,0.0,1.0,0.0,0.0,1
static_tailored,60,1,61,0.0,2.3901537714242242,1.2866908738919658,1.1034628975322585,1.8965371024677415,1.2866908738919658,0.6098462285757758,1.4262245955516304,1.2866908738919656,0.13953372165966482,1.8604662783403352,1.2866908738919656,0.5737754044483696,0.0,0.9639291758725936,2.0,1.9999999999999991,4
static_tailored,60,2,62,0.0,2.290753102697252,1.363632147423611,0.927120955273641,0.17634194225861743,0.07694127353164526,0.09940066872697217,1.3802883666242378,1.3636321474236106,0.01665621920062721,0.12287750245903761,0.07694127353164504,0.045936228927392575,0.0,0.9104647360730143,2.0,1.0825461466283186,16
static_tailored,60,3,63,0.0,2.2394041594682133,1.3745332479354768,0.8648709115327364,0.06225004374090459,0.010901100511865769,0.051348943229038824,1.3761940509586643,1.3745332479354775,0.0016608030231868298,0.01499541617744038,0.010901100511866879,0.0040943156655735,0.0,0.8632101085095494,2.0,1.0143464916471663,64
static_tailored,60,4,64,0.0,2.198712195243223,1.3755679831464795,0.8231442120967434,0.04172669943599305,0.0010347352110027241,0.04069196422499033,1.3757592136322097,1.3755679831464802,0.00019123048572944334,0.0014695725374573865,0.0010347352110027241,0.00043483732645466233,0.0,0.8229529816110138,2.0,0.9769069167771991,256
static_tailored,60,5,65,0.0,2.1645992163682863,1.3756947201682104,0.788904496200076,0.03423971589666741,0.00012673702173082724,0.034112978874936584,1.3757151235513791,1.3756947201682115,2.0403383167666433e-05,0.0001708271025617769,0.00012673702173127133,4.4090080830505585e-05,0.0,0.7888840928169082,2.0,0.9431023270576575,1024
static_tailored,60,6,66,0.0,2.135929898086582,1.3757081655274188,0.7602217325591631,0.028682763640912823,1.3445359208441587e-05,0.02866931828170438,1.3757104968248814,1.37570816552742,2.3312974615219417e-06,1.8072085706144492e-05,1.3445359208441587e-05,4.626726497702904e-06,0.0,0.7602194012617018,2.0,0.9071545298549064,4096
static_tailored,60,7,67,0.0,2.1119536477573035,1.3757097441859252,0.7362439035713784,0.023977828987784777,1.578658506362629e-06,0.023976250329278415,1.3757100078853326,1.375709744185926,2.636994065330356e-07,2.067598054988906e-06,1.5786585061405844e-06,4.889395488483217e-07,0.0,0.7362436398719718,2.0,0.8691030744562567,16384
static_tailored,60,8,68,0.0,2.0920233062721296,1.3757099248553142,0.7163133814168154,0.019930522154562924,1.8066938900496154e-07,0.01993034148517392,1.37570995560285,1.3757099248553146,3.0747535406661086e-08,2.329518711263745e-07,1.8066938856087233e-07,5.2282482565502164e-08,0.0,0.7163133506692799,2.0,0.8294535157037531,65536
static_tailored,72,0,72,0.0,3.0,0.0,3.0,0.0,0.0,0.0,2.0,0.0,2.0,0.0,0.0,0.0,0.0,1.0,0.0,0.0,1
static_tailored,72,1,73,0.0,2.734880529181326,1.583639503425438,1.1512410257558878,1.8487589742441122,1.583639503425438,0.26511947081867415,1.7408520502442668,1.5836395034254378,0.157212546818829,1.842787453181171,1.5836395034254378,0.2591479497557332,0.0,0.9940284789370593,2.0,1.9999999999999996,4
static_tailored,72,2,74,0.0,2.6965436116556107,1.6853909700396619,1.0111526416159489,0.14008838413993896,0.10175146661422385,0.03833691752571511,1.7117612730708756,1.6853909700396619,0.026370303031213682,0.13084224378761533,0.10175146661422407,0.029090777173391258,0.0,0.9847823385847355,2.0,0.6700677288502046,16
static_tailored,72,3,75,0.0,2.685860565647124,1.7061550484100148,0.9797055172371094,0.03144712437883945,0.02076407837035288,0.010683046008486574,1.7090416753959687,1.7061550484100154,0.0028866269859533222,0.02348367604526036,0.020764078370353545,0.002719597674906815,0.0,0.976818890251156,2.0,0.5769733145723888,64
static_tailored,72,4,76,0.0,2.6790846521499407,1.7081792599459291,0.9709053922040116,0.008800125033097794,0.0020242115359143664,0.006775913497183428,1.7086533799996455,1.7081792599459296,0.0004741200537159429,0.0024125069322373793,0.0020242115359141444,0.00038829539632323495,0.0,0.9704312721502961,2.0,0.5299109183635553,256
static_tailored,72,5,77,0.0,2.673921877693463,1.7085566098975002,0.9653652677959625,0.005540124408049074,0.0003773499515711265,0.005162774456477948,1.7086122041364926,1.7085566098975011,5.559423899148541e-05,0.0004185258147244575,0.0003773499515715706,4.1175863152886905e-05,0.0,0.9653096735569714,2.0,0.5019976107193407,1024
static_tailored,72,6,78,0.0,2.6697693969668865,1.7085972477718365,0.96117214919505,0.004193118600912538,4.063787433628008e-05,0.0041524807265762576,1.7086064425185852,1.7085972477718374,9.194746747764881e-06,4.639949224372053e-05,4.063787433628008e-05,5.761617907440453e-06,0.0,0.9611629544483024,2.0,0.47979123438436777,4096
static_tailored,72,7,79,0.0,2.666368184218177,1.7086045595491417,0.9577636246690353,0.0034085245260147,7.311777305174516e-06,0.0034012127487095256,1.708605772530192,1.7086045595491426,1.2129810493810567e-06,7.981765698383825e-06,7.311777305174516e-06,6.699883932093087e-07,0.0,0.9577624116879859,2.0,0.46309446174320484,16384
static_tailored,72,8,80,0.0,2.6635675656643687,1.708605460615522,0.9549621050488466,0.0028015196201887083,9.01066380398774e-07,0.0028006185538083095,1.7086056760428612,1.7086054606155228,2.154273384125105e-07,9.975537109685462e-07,9.010663801767294e-07,9.648733079181682e-08,0.0,0.9549618896215083,2.0,0.4513616677184151,65536
static_tailored,88,0,88,0.0,3.0,0.0,3.0,0.0,0.0,0.0,2.0,0.0,2.0,0.0,0.0,0.0,0.0,1.0,0.0,0.0,1
static_tailored,88,1,89,0.0,2.935057507440257,1.6877354205807005,1.2473220868595565,1.7526779131404435,1.6877354205807005,0.06494249255974305,1.9352522050358454,1.6877354205807014,0.24751678445514402,1.752483215544856,1.6877354205807014,0.06474779496415461,0.0,0.9998053024044117,2.0,2.000000000000001,4
static_tailored,88,2,90,0.0,2.9261006438743213,1.8510723414375216,1.0750283024367997,0.17229378442275678,0.16333692085682117,0.008956863565935613,1.9266520513615801,1.8510723414375225,0.0755797099240576,0.17193707453108642,0.16333692085682117,0.008600153674265254,0.0,0.9994485925127421,2.0,0.55430259826291,16
static_tailored,88,3,91,0.0,2.924051037921094,1.9106381929763074,1.0134128449447868,0.061615457492012915,0.0595658515387858,0.0020496059532271182,1.9249702112543503,1.910638192976308,0.014332018278042202,0.0612476916460154,0.059565851538785575,0.0016818401072298261,0.0,0.9990808266667449,2.0,0.4552571316127911,64
static_tailored,88,4,92,0.0,2.9233160283557327,1.920471733464655,1.0028442948910776,0.010568550053709158,0.009833540488347614,0.000735009565361544,1.9245853752326818,1.920471733464655,0.0041136417680267545,0.010218376510015448,0.009833540488346948,0.00038483602166849984,0.0,0.9987306531230508,2.0,0.4062940957635745,256
static_tailored,88,5,93,0.0,2.922895200730279,1.923654414672088,0.9992407860581911,0.003603508832886515,0.0031826812074329247,0.0004208276254535903,1.924498766268752,1.9236544146720882,0.0008443515966638504,0.003269290171362904,0.0031826812074331468,8.660896392975737e-05,0.0,0.998396434461527,2.0,0.4000725074993453,1024
static_tailored,88,6,94,0.0,2.9225511938809503,1.924253659715189,0.9982975341657614,0.0009432518924297195,0.0005992450431009377,0.0003440068493287818,1.924478471369528,1.924253659715189,0.00022481165433907435,0.000619539942324776,0.0005992450431007157,2.029489922406036e-05,0.0,0.9980727225114226,2.0,0.3979757896043857,4096
static_tailored,88,7,95,0.0,2.9222272766092803,1.9244244365533878,0.9978028400558925,0.0004946941098689095,0.00017077683819888279,0.0003239172716700267,1.9244737956815026,1.924424436553387,4.935912811565579e-05,0.00017545252622341856,0.0001707768381979946,4.675688025423952e-06,0.0,0.9977534809277773,2.0,0.3981478530650834,16384
static_tailored,88,8,96,0.0,2.9219048626250204,1.9244601866321287,0.9974446759928917,0.00035816406300082093,3.5750078740903746e-05,0.0003224139842599172,1.924472676435893,1.924460186632128,1.2489803765003415e-05,3.686932435065238e-05,3.575007874112579e-05,1.1192456095265868e-06,0.0,0.9974321861891268,2.0,0.398650726350089,65536
adaptive_decoder,0,0,0,0.0,3.0,0.0,3.0,0.0,0.0,0.0,2.0,0.0,2.0,0.0,0.0,0.0,0.0,1.0,0.0,0.0,1
adaptive_decoder,0,1,1,0.0,2.9430628921427755,1.7212337482348847,1.2218291439078908,1.7781708560921092,1.7212337482348847,0.0569371078572245,1.9431592222445675,1.7212337482348854,0.2219254740096821,1.778074525990318,1.7212337482348854,0.0568407777554325,0.0,0.9999036698982083,2.0,2.000000000000001,4
adaptive_decoder,0,2,2,0.0,2.9321094262089153,1.8800706874244821,1.0520387387844332,0.16979040512345756,0.1588369391895974,0.010953465933860151,1.9324132655916408,1.8800706874244828,0.05234257816715804,0.16958289584252406,0.1588369391895974,0.010745956652926658,0.0,0.9996961606172751,2.0,0.49276412747664233,16
adaptive_decoder,0,3,3,0.0,2.930037047899828,1.9236737846338186,1.0063632632660096,0.04567547551842366,0.04360309720933642,0.0020723783090872416,1.9305709779412332,1.9236737846338188,0.006897193307414451,0.04544538485974359,0.04360309720933597,0.0018422876504076147,0.0,0.9994660699585952,2.0,0.3939995134005764,64
adaptive_decoder,0,4,4,0.0,2.9295011326810134,1.9286131096377832,1.0008880230432302,0.005475240222779343,0.004939325003964656,0.0005359152188146865,1.930272893974268,1.9286131096377839,0.0016597843364840603,0.005237408970930391,0.0049393250039651004,0.00029808396696529016,0.0,0.9992282387067459,2.0,0.35798195780200354,256
adaptive_decoder,0,5,5,0.0,2.9291943981218465,1.9299757693089452,0.9992186288129012,0.0016693942303289688,0.0013626596711620031,0.0003067345591669657,1.93021420344606,1.929975769308946,0.00023843413711399641,0.001421350199370064,0.0013626596711622252,5.869052820783871e-05,0.0,0.998980194675787,2.0,0.3563341641109829,1024
adaptive_decoder,0,6,6,0.0,2.9289204137723432,1.9301464148864078,0.9987739988859354,0.0004446299269658116,0.00017064557746260256,0.00027398434950320905,1.9302044174992379,1.930146414886409,5.800261282895569e-05,0.00018043152428504072,0.0001706455774628246,9.785946822216118e-06,0.0,0.9987159962731066,2.0,0.35697082999311336,4096
adaptive_decoder,0,7,7,0.0,2.928628614055052,1.9301934561367515,0.9984351579183004,0.0003388409676350346,4.7041250343715646e-05,0.00029179971729131893,1.9302023214211954,1.9301934561367529,8.865284442549637e-06,4.9137328386406054e-05,4.704125034393769e-05,2.0960780424683634e-06,0.0,0.9984262926338584,2.0,0.3590266879614946,16384
adaptive_decoder,0,8,8,0.0,2.928299805047568,1.9301997941669988,0.9981000108805693,0.0003351470377310761,6.338030247299287e-06,0.00032880900748377684,1.9302019585342278,1.9301997941670006,2.164367227219799e-06,6.700917215329838e-06,6.338030247743376e-06,3.628869675864621e-07,0.0,0.9980978465133421,2.0,0.3618673634506171,65536
adaptive_decoder,44,0,44,0.0,3.0,0.0,3.0,0.0,0.0,0.0,2.0,0.0,2.0,0.0,0.0,0.0,0.0,1.0,0.0,0.0,1
adaptive_decoder,44,1,45,0.0,2.5565925272304786,1.422890936071994,1.1337015911584847,1.8662984088415153,1.422890936071994,0.4434074727695214,1.5737725017179574,1.4228909360719943,0.150881565645963,1.849118434354037,1.4228909360719943,0.42622749828204265,0.0,0.9828200255125216,2.0,2.000000000000001,4
adaptive_decoder,44,2,46,0.0,2.481795584239632,1.5109976078390266,0.9707979764006056,0.16290361475787907,0.08810667176703268,0.07479694299084638,1.5321591210658172,1.5109976078390264,0.02116151322679083,0.12972005241917217,0.08810667176703202,0.04161338065214015,0.0,0.9496364631738146,2.0,0.9320780771307023,16
adaptive_decoder,44,3,47,0.0,2.439908991801981,1.525587602208559,0.9143213895934219,0.056476586807183704,0.014589994369532455,0.04188659243765125,1.5277700020116662,1.5255876022085584,0.0021823998031078595,0.01897911342368297,0.014589994369532011,0.004389119054150958,0.0,0.9121389897903136,2.0,0.9188836641188927,64
adaptive_decoder,44,4,48,0.0,2.3994339090002255,1.5269564175785502,0.8724774914216753,0.04184389817174661,0.0013688153699911165,0.04047508280175549,1.5272233664214523,1.5269564175785488,0.00026694884290345833,0.0019154509602044012,0.0013688153699904504,0.0005466355902139508,0.0,0.8722105425787718,2.0,0.9435706318223361,256
adaptive_decoder,44,5,49,0.0,2.357691440491561,1.5271333820277455,0.8305580584638155,0.041919432957859826,0.00017696444919534926,0.041742468508664476,1.527161234073811,1.5271333820277448,2.7852046066145775e-05,0.00023909679683731255,0.0001769644491960154,6.213234764129716e-05,0.0,0.8305302064177492,2.0,0.9755397160397545,1024
adaptive_decoder,44,6,50,0.0,2.3149086503154312,1.5271510124582701,0.7877576378571611,0.042800420606654344,1.7630430524606666e-05,0.04278279017612974,1.5271541118944847,1.5271510124582695,3.099436215237006e-06,2.475260985090877e-05,1.7630430524606666e-05,7.122179326302103e-06,0.0,0.7877545384209458,2.0,1.0051796676421447,4096
adaptive_decoder,44,7,51,0.0,2.2717202373055176,1.5271529912654185,0.7445672460400992,0.04319039181706197,1.9788071483617387e-06,0.04318841300991361,1.5271533169009577,1.5271529912654178,3.256355398661981e-07,2.7738006753708078e-06,1.9788071483617387e-06,7.949935270090691e-07,0.0,0.7445669204045593,2.0,1.031433262126618,16384
adaptive_decoder,44,8,52,0.0,2.228799278412331,1.5271531954210844,0.7016460829912465,0.04292116304885263,2.0415566592824064e-07,0.0429209588931867,1.527153229901264,1.527153195421084,3.448018004448272e-08,2.9115535982171536e-07,2.0415566615028524e-07,8.699969367143012e-08,0.0,0.7016460485110664,2.0,1.0538545706601445,65536
adaptive_decoder,52,0,52,0.0,3.0,0.0,3.0,0.0,0.0,0.0,2.0,0.0,2.0,0.0,0.0,0.0,0.0,1.0,0.0,0.0,1
adaptive_decoder,52,1,53,1.0,2.3584128206467856,1.26014042336167,1.0982723972851156,1.9017276027148844,1.26014042336167,0.6415871793532144,1.3982808630241284,1.26014042336167,0.13814043966245837,1.8618595603375416,1.26014042336167,0.6017191369758716,0.0,0.9601319576226572,2.0,2.0,4
adaptive_decoder,52,2,54,0.0,2.248911851817964,1.3358575078300459,0.913054343987918,0.18521805329719765,0.07571708446837588,0.10950096882882177,1.3519863233758844,1.3358575078300463,0.016128815545838115,0.12201162411662025,0.07571708446837633,0.046294539648243926,0.0,0.89692552844208,2.0,1.1422197671050505,16
adaptive_decoder,52,3,55,0.0,2.183892560974356,1.3460498756619106,0.8378426853124454,0.07521165867547253,0.010192367831864724,0.0650192908436078,1.3476069561744952,1.346049875661911,0.0015570805125841858,0.01457173503325393,0.010192367831864724,0.004379367201389206,0.0,0.8362856047998612,2.0,1.1037771496494395,64
adaptive_decoder,52,4,56,0.0,2.1270676463818807,1.3469829556247084,0.7800846907571723,0.057757994555273084,0.0009330799627977893,0.056824914592475295,1.3471484073334725,1.3469829556247084,0.00016545170876414161,0.0013916288038200442,0.0009330799627973452,0.000458548841022699,0.0,0.7799192390484081,2.0,1.10129647306034,256
adaptive_decoder,52,5,57,0.0,2.075219864046373,1.3470858420337275,0.7281340220126453,0.05195066874452703,0.0001028864090191206,0.05184778233550791,1.3471021928444662,1.3470858420337266,1.6350810739584887e-05,0.00014910089802455673,0.00010288640901823243,4.62144890063243e-05,0.0,0.7281176712019056,2.0,1.1009080274424239,1024
adaptive_decoder,52,6,58,0.0,2.0281390001993236,1.347095863690971,0.6810431365083527,0.047090885504292634,1.0021657243397541e-05,0.04708086384704924,1.3470975333431507,1.3470958636909698,1.6696521809578257e-06,1.4681158558627061e-05,1.0021657243175497e-05,4.659501315451564e-06,0.0,0.6810414668561722,2.0,1.0963894421063263,4096
adaptive_decoder,52,7,59,0.0,1.9858390411197424,1.3470968968098425,0.6387421443099,0.042300992198452736,1.033118871562877e-06,0.04229995907958117,1.3470970654072236,1.3470968968098416,1.6859738205532437e-07,1.5010547989025014e-06,1.0331188717849216e-06,4.679359271175798e-07,0.0,0.6387419757125178,2.0,1.087233359168851,16384
adaptive_decoder,52,8,60,0.0,1.9482317046946016,1.3470970013650527,0.6011347033295489,0.03760744098035107,1.0455521026742076e-07,0.0376073364251408,1.3470970186227116,1.3470970013650523,1.7257659301606054e-08,1.5133972275371832e-07,1.0455521071150997e-07,4.678451204220835e-08,0.0,0.6011346860718895,2.0,1.0734353138296107,65536
adaptive_decoder,60,0,60,0.0,3.0,0.0,3.0,0.0,0.0,0.0,2.0,0.0,2.0,0.0,0.0,0.0,0.0,1.0,0.0,0.0,1
adaptive_decoder,60,1,61,0.0,2.3897839702775294,1.2866908738919658,1.1030930963855636,1.8969069036144364,1.2866908738919658,0.6102160297224706,1.425939497913172,1.2866908738919656,0.13924862402120652,1.8607513759787935,1.2866908738919656,0.5740605020868279,0.0,0.9638444723643572,2.0,1.9999999999999991,4
adaptive_decoder,60,2,62,0.0,2.2904926085272432,1.3635894056972293,0.9269032028300139,0.1761898935555497,0.07689853180526351,0.09929136175028619,1.3801788325567639,1.3635894056972289,0.016589426859535017,0.12265919716167151,0.07689853180526329,0.045760665356408214,0.0,0.9103137759704789,2.0,1.0831022545523106,16
adaptive_decoder,60,3,63,0.0,2.239155122612619,1.3744550723224105,0.8647000502902085,0.06220315253980546,0.01086566662518118,0.05133748591462428,1.3761026530899123,1.3744550723224105,0.0016475807675018217,0.014941846092033195,0.010865666625181625,0.0040761794668515705,0.0,0.8630524695227068,2.0,1.0144638172495986,64
adaptive_decoder,60,4,64,0.0,2.1984683623571373,1.3754832533934107,0.8229851089637266,0.0417149413264819,0.0010281810710002226,0.04068676025548168,1.3756721379902501,1.375483253393411,0.00018888459683918946,0.0014586961706626322,0.0010281810710004446,0.0004305150996621876,0.0,0.8227962243668876,2.0,0.9769629510889122,256
adaptive_decoder,60,5,65,1.0,2.163675238663404,1.3756085712304935,0.7880666674329107,0.034918441530815914,0.00012531783708280564,0.03479312369373311,1.3756284425674403,1.3756085712304946,1.9871336945698204e-05,0.00016901325989349125,0.00012531783708369382,4.3695422809797435e-05,0.0,0.7880467960959646,2.0,0.9431510597175862,1024
adaptive_decoder,60,6,66,0.0,2.13474108766158,1.375621705956697,0.7591193817048831,0.028947285728027516,1.3134726203567482e-05,0.02893415100182395,1.3756239683214673,1.3756217059566982,2.2623647690789284e-06,1.7608972176619275e-05,1.3134726203567482e-05,4.474245973051794e-06,0.0,0.759117119340114,2.0,0.9157573032873201,4096
adaptive_decoder,60,7,67,0.0,2.1107680447088915,1.3756232350369142,0.7351448096719773,0.023974572032905872,1.5290802171108453e-06,0.02397304295268876,1.3756234920522903,1.3756232350369149,2.570153754266613e-07,2.005349393652267e-06,1.529080216666756e-06,4.7626917698551097e-07,0.0,0.7351445526566018,2.0,0.8698650458780973,16384
adaptive_decoder,60,8,68,0.0,2.0908755896876494,1.3756234113453822,0.7152521783422672,0.019892631329710087,1.763084680472815e-07,0.01989245502124204,1.375623441227186,1.375623411345383,2.988180303198362e-08,2.2713357239467769e-07,1.763084680472815e-07,5.082510434739618e-08,0.0,0.7152521484604639,2.0,0.8295427446575421,65536
adaptive_decoder,72,0,72,0.0,3.0,0.0,3.0,0.0,0.0,0.0,2.0,0.0,2.0,0.0,0.0,0.0,0.0,1.0,0.0,0.0,1
adaptive_decoder,72,1,73,1.0,2.7305112800996745,1.583639503425438,1.1468717766742365,1.8531282233257635,1.583639503425438,0.2694887199003255,1.7370224116844768,1.5836395034254378,0.153382908259039,1.846617091740961,1.5836395034254378,0.2629775883155232,0.0,0.9934888684151975,2.0,1.9999999999999996,4
adaptive_decoder,72,2,74,0.0,2.6934008283366766,1.684024356213455,1.0093764721232217,0.13749530455101477,0.1003848527880169,0.037110451762997876,1.70946621877953,1.684024356213455,0.025441862566075057,0.12794104569296394,0.10038485278801712,0.02755619290494682,0.0,0.9839346095571465,2.0,0.6820016139538064,16
adaptive_decoder,72,3,75,0.0,2.6827180469908596,1.7039911049310983,0.9787269420597613,0.030649530063460384,0.019966748717643368,0.010682781345817016,1.706803995547288,1.7039911049310985,0.0028128906161895006,0.022628971949885557,0.01996674871764359,0.002662223232241967,0.0,0.975914051443572,2.0,0.5779491265493073,64
adaptive_decoder,72,4,76,0.0,2.6759554111606096,1.70597367357435,0.9699817375862596,0.008745204473501689,0.0019825686432517475,0.006762635830249941,1.7064286378538265,1.7059736735743518,0.0004549642794746678,0.002357926336714833,0.001982568643253302,0.00037535769346153103,0.0,0.9695267733067849,2.0,0.5301141812238348,256
adaptive_decoder,72,5,77,1.0,2.6703766909191784,1.706334830139558,0.9640418607796204,0.0059398768066392105,0.00036115656520796513,0.005578720241431245,1.7063876779525533,1.7063348301395591,5.28478129941945e-05,0.0004021164664804733,0.000361156565207299,4.095990127317428e-05,0.0,0.9639890129666262,2.0,0.5020768899519713,1024
adaptive_decoder,72,6,78,0.0,2.6660579982829185,1.7063739032507332,0.9596840950321852,0.004357765747435183,3.9073111175236264e-05,0.0043186926362599465,1.7063824753217314,1.7063739032507341,8.572070997248105e-06,4.4275741996946394e-05,3.907311117501422e-05,5.202630821932175e-06,0.0,0.9596755229611885,2.0,0.49361970042422626,4096
adaptive_decoder,72,7,79,0.0,2.662611146225754,1.7063806802630301,0.9562304659627237,0.0034536290694615612,6.7770122968990876e-06,0.003446852057164662,1.7063818380162992,1.7063806802630306,1.1577532685880243e-06,7.41431772866008e-06,6.777012296454998e-06,6.37305432205082e-07,0.0,0.9562293082094553,2.0,0.4653564284484711,16384
adaptive_decoder,72,8,80,0.0,2.6598124447923865,1.7063815464890686,0.953430898303318,0.0027995676594056995,8.662260384539877e-07,0.0027987014333672455,1.7063817476750551,1.706381546489069,2.0118598609286664e-07,9.565672824951577e-07,8.662260384539877e-07,9.034124404116994e-08,0.0,0.9534306971173324,2.0,0.45160159120447696,65536
adaptive_decoder,88,0,88,0.0,3.0,0.0,3.0,0.0,0.0,0.0,2.0,0.0,2.0,0.0,0.0,0.0,0.0,1.0,0.0,0.0,1
adaptive_decoder,88,1,89,0.0,2.935057507440257,1.6877354205807005,1.2473220868595565,1.7526779131404435,1.6877354205807005,0.06494249255974305,1.9352522050358454,1.6877354205807014,0.24751678445514402,1.752483215544856,1.6877354205807014,0.06474779496415461,0.0,0.9998053024044117,2.0,2.000000000000001,4
adaptive_decoder,88,2,90,0.0,2.9261006438743213,1.8510723414375216,1.0750283024367997,0.17229378442275678,0.16333692085682117,0.008956863565935613,1.9266520513615801,1.8510723414375225,0.0755797099240576,0.17193707453108642,0.16333692085682117,0.008600153674265254,0.0,0.9994485925127421,2.0,0.55430259826291,16
adaptive_decoder,88,3,91,0.0,2.924051037921094,1.9106381929763074,1.0134128449447868,0.061615457492012915,0.0595658515387858,0.0020496059532271182,1.9249702112543503,1.910638192976308,0.014332018278042202,0.0612476916460154,0.059565851538785575,0.0016818401072298261,0.0,0.9990808266667449,2.0,0.4552571316127911,64
adaptive_decoder,88,4,92,0.0,2.9233160283557327,1.920471733464655,1.0028442948910776,0.010568550053709158,0.009833540488347614,0.000735009565361544,1.9245853752326818,1.920471733464655,0.0041136417680267545,0.010218376510015448,0.009833540488346948,0.00038483602166849984,0.0,0.9987306531230508,2.0,0.4062940957635745,256
adaptive_decoder,88,5,93,0.0,2.922895200730279,1.923654414672088,0.9992407860581911,0.003603508832886515,0.0031826812074329247,0.0004208276254535903,1.924498766268752,1.9236544146720882,0.0008443515966638504,0.003269290171362904,0.0031826812074331468,8.660896392975737e-05,0.0,0.998396434461527,2.0,0.4000725074993453,1024
adaptive_decoder,88,6,94,0.0,2.9225511938809503,1.924253659715189,0.9982975341657614,0.0009432518924297195,0.0005992450431009377,0.0003440068493287818,1.924478471369528,1.924253659715189,0.00022481165433907435,0.000619539942324776,0.0005992450431007157,2.029489922406036e-05,0.0,0.9980727225114226,2.0,0.3979757896043857,4096
adaptive_decoder,88,7,95,0.0,2.9222272766092803,1.9244244365533878,0.9978028400558925,0.0004946941098689095,0.00017077683819888279,0.0003239172716700267,1.9244737956815026,1.924424436553387,4.935912811565579e-05,0.00017545252622341856,0.0001707768381979946,4.675688025423952e-06,0.0,0.9977534809277773,2.0,0.3981478530650834,16384
adaptive_decoder,88,8,96,0.0,2.9219048626250204,1.9244601866321287,0.9974446759928917,0.00035816406300082093,3.5750078740903746e-05,0.0003224139842599172,1.924472676435893,1.924460186632128,1.2489803765003415e-05,3.686932435065238e-05,3.575007874112579e-05,1.1192456095265868e-06,0.0,0.9974321861891268,2.0,0.398650726350089,65536
overactive_decoder,0,0,0,0.0,3.0,0.0,3.0,0.0,0.0,0.0,2.0,0.0,2.0,0.0,0.0,0.0,0.0,1.0,0.0,0.0,1
overactive_decoder,0,1,1,1.0,2.934970322877475,1.721233748234885,1.2137365746425899,1.7862634253574101,1.721233748234885,0.06502967712252516,1.9352465502020548,1.7212337482348854,0.21401280196716943,1.7859871980328306,1.7212337482348854,0.06475344979794517,0.0,0.9997237726754201,2.0,2.000000000000001,4
overactive_decoder,0,2,2,1.0,2.92425176061083,1.877510355885935,1.0467414047248949,0.16699516991769503,0.15627660765105,0.010718562266645026,1.9250652831874258,1.8775103558859354,0.04755492730149036,0.16645787466567907,0.15627660765105,0.01018126701462907,0.0,0.9991864774234048,2.0,0.5072991551802113,16
overactive_decoder,0,3,3,1.0,2.9222342714649696,1.9177652957467433,1.0044689757182264,0.0422724290066685,0.0402549398608083,0.0020174891458601962,1.923648076823502,1.917765295746744,0.0058827810767581035,0.041672146224732254,0.040254939860808525,0.0014172063639237287,0.0,0.9985861946414679,2.0,0.4126417345162663,64
overactive_decoder,0,4,4,1.0,2.9213646755982743,1.9220675581457063,0.999297117452568,0.005171858265658358,0.00430226239896303,0.0008695958666953274,1.9233954322295643,1.9220675581457072,0.0013278740838571501,0.004554906992900953,0.0043022623989632525,0.0002526445939377009,0.0,0.9979692433687106,2.0,0.3799184978950671,256
overactive_decoder,0,5,5,1.0,2.920694580602249,1.9231808468740985,0.9975137337281506,0.0017833837244174422,0.0011132887283922255,0.0006700949960252167,1.9233573205631282,1.9231808468740992,0.00017647368902906635,0.0011514003948280838,0.0011132887283920034,3.811166643608033e-05,0.0,0.9973372600391217,2.0,0.3787281637103227,1024
overactive_decoder,0,6,6,1.0,2.920033365155288,1.923310112137472,0.9967232530178158,0.0007904807103347178,0.00012926526337353472,0.0006612154469611831,1.923350152691396,1.9233101121374734,4.004055392270445e-05,0.0001364331351063619,0.00012926526337420086,7.167871732161046e-06,0.0,0.996683212463893,2.0,0.37950998907440425,4096
overactive_decoder,0,7,7,1.0,2.9193428725068067,1.9233433718179187,0.995999500688888,0.0007237523289278514,3.3259680446651174e-05,0.0006904926484812002,1.9233490026868765,1.9233433718179207,5.630868955774915e-06,3.440968496692953e-05,3.325968044731731e-05,1.1500045196122244e-06,0.0,0.9959938698199321,2.0,0.3814675728526724,16384
overactive_decoder,0,8,8,1.0,2.918598122792275,1.9233474966909205,0.9952506261013543,0.0007488745875336988,4.12487300183173e-06,0.0007447497145318671,1.9233487763796635,1.9233474966909223,1.2796887411958835e-06,4.351180214579031e-06,4.124873001609686e-06,2.2630721296934553e-07,0.0,0.9952493464126134,2.0,0.38411829234595046,65536
overactive_decoder,44,0,44,0.0,3.0,0.0,3.0,0.0,0.0,0.0,2.0,0.0,2.0,0.0,0.0,0.0,0.0,1.0,0.0,0.0,1
overactive_decoder,44,1,45,1.0,2.553368692643982,1.422890936071994,1.1304777565719881,1.8695222434280119,1.422890936071994,0.44663130735601797,1.571314845389828,1.4228909360719943,0.14842390931783367,1.8515760906821663,1.4228909360719943,0.428685154610172,0.0,0.9820538472541542,2.0,2.0000000000000004,4
overactive_decoder,44,2,46,1.0,2.4781393444281044,1.5100630289154684,0.968076315512636,0.16240144105935217,0.08717209284347449,0.07522934821587768,1.5305846435175348,1.5100630289154682,0.020521614602066585,0.12790229471576708,0.08717209284347383,0.04073020187229326,0.0,0.9475547009105691,2.0,0.940440111027237,16
overactive_decoder,44,3,47,1.0,2.435117507155712,1.5241979794364457,0.9109195277192663,0.057156787793369634,0.014134950520977352,0.04302183727239228,1.5262975017071532,1.5241979794364449,0.0020995222707083094,0.018422092331358275,0.014134950520976686,0.0042871418103815895,0.0,0.9088200054485578,2.0,0.9280132743608808,64
overactive_decoder,44,4,48,1.0,2.3935374490942976,1.5255183725868573,0.8680190765074403,0.04290045121182606,0.0013203931504115474,0.041580058061414515,1.525771755949283,1.5255183725868557,0.0002533833624271953,0.0018461389082811142,0.0013203931504108812,0.0005257457578702329,0.0,0.867765693145013,2.0,0.9527173129825341,256
overactive_decoder,44,5,49,1.0,2.350794264724551,1.5256861888017845,0.8251080759227667,0.042911000584673564,0.00016781621492722998,0.042743184369746334,1.5257124330881484,1.5256861888017836,2.6244286364773828e-05,0.00022713907606242145,0.0001678162149278961,5.932286113452534e-05,0.0,0.8250818316364018,2.0,0.9843500313118543,1024
overactive_decoder,44,6,50,1.0,2.3071373450574484,1.525702820571539,0.7814345244859093,0.04367355143685736,1.663176975452707e-05,0.043656919667102834,1.5257057073169993,1.5257028205715377,2.886745461561091e-06,2.3357540903212737e-05,1.663176975408298e-05,6.725771149129756e-06,0.0,0.781431637740448,2.0,1.0136650118213426,4096
overactive_decoder,44,7,51,1.0,2.263205127937208,1.5257046631748998,0.7375004647623082,0.04393405972360109,1.8426033607799042e-06,0.04393221712024031,1.5257049637812747,1.5257046631748987,3.006063760135902e-07,2.586139085547501e-06,1.8426033610019488e-06,7.435357245455521e-07,0.0,0.7375001641559321,2.0,1.0396316793028753,16384
overactive_decoder,44,8,52,1.0,2.21966777818474,1.5257048517327751,0.6939629264519649,0.04353753831034335,1.8855787531357748e-07,0.043537349752468035,1.5257048832288778,1.5257048517327743,3.14961035030592e-08,2.69110272510531e-07,1.885578755356221e-07,8.05523969749089e-08,0.0,0.6939628949558612,2.0,1.0618111801406194,65536
overactive_decoder,52,0,52,0.0,3.0,0.0,3.0,0.0,0.0,0.0,2.0,0.0,2.0,0.0,0.0,0.0,0.0,1.0,0.0,0.0,1
overactive_decoder,52,1,53,1.0,2.3584128206467856,1.26014042336167,1.0982723972851156,1.9017276027148844,1.26014042336167,0.6415871793532144,1.3982808630241284,1.26014042336167,0.13814043966245837,1.8618595603375416,1.26014042336167,0.6017191369758716,0.0,0.9601319576226572,2.0,2.0,4
overactive_decoder,52,2,54,1.0,2.247725370686862,1.3358575078300459,0.9118678628568162,0.1864045344282994,0.07571708446837588,0.11068744995992352,1.3518277670524652,1.3358575078300463,0.015970259222418903,0.12217018044003947,0.07571708446837633,0.04645309597166314,0.0,0.8958976036343975,2.0,1.1422197671050505,16
overactive_decoder,52,3,55,1.0,2.1814589585355506,1.3459647223296103,0.8354942362059403,0.07637362665087588,0.01010721449956442,0.06626641215131146,1.3474868066256174,1.3459647223296103,0.0015220842960070868,0.014448174926411816,0.010107214499563977,0.00434096042684784,0.0,0.833972151909934,2.0,1.110626024297463,64
overactive_decoder,52,4,56,1.0,2.1235402037843456,1.3468771815007716,0.776663022283574,0.05883121392236634,0.0009124591711613395,0.057918754751205004,1.3470373545880787,1.3468771815007714,0.00016017308730731372,0.0013619112086997731,0.0009124591711611174,0.0004494520375386557,0.0,0.7765028491962666,2.0,1.1086667986376213,256
overactive_decoder,52,5,57,1.0,2.070779785915949,1.3469768372689845,0.7238029486469646,0.052860073636609384,9.9655768212914e-05,0.05276041786839647,1.3469925027493348,1.3469768372689837,1.566548035114579e-05,0.00014450760695616793,9.965576821224786e-05,4.485183874392007e-05,0.0,0.7237872831666136,2.0,1.108337298048899,1024
overactive_decoder,52,6,58,1.0,2.022944745254544,1.34698644364964,0.6759583016049042,0.04784464704206037,9.606380655391433e-06,0.04783504066140498,1.346988027041794,1.3469864436496386,1.5833921553909391e-06,1.408208819575485e-05,9.606380654947344e-06,4.475707540807505e-06,0.0,0.6759567182127486,2.0,1.1038613818079128,4096
overactive_decoder,52,7,59,1.0,1.9800207310701539,1.3469874239079782,0.6330333071621757,0.04292499444272857,9.80258338278972e-07,0.04292401418439029,1.3469875821621933,1.346987423907977,1.5825421617599034e-07,1.4251379392149488e-06,9.802583385010166e-07,4.448796007139322e-07,0.0,0.6330331489079595,2.0,1.0947886036632435,16384
overactive_decoder,52,8,60,1.0,1.9418932028242206,1.346987522107368,0.5949056807168527,0.03812762644532297,9.819938973087972e-08,0.03812752824593324,1.3469875381384475,1.3469875221073675,1.6031080019018873e-08,1.4222313615697146e-07,9.819939039701353e-08,4.402374575995793e-08,0.0,0.5949056646857727,2.0,1.081122058501926,65536
overactive_decoder,60,0,60,0.0,3.0,0.0,3.0,0.0,0.0,0.0,2.0,0.0,2.0,0.0,0.0,0.0,0.0,1.0,0.0,0.0,1
overactive_decoder,60,1,61,1.0,2.3871357230455863,1.2866908738919662,1.10044484915362,1.89955515084638,1.2866908738919662,0.6128642769544137,1.4241532409538946,1.2866908738919656,0.13746236706192905,1.862537632938071,1.2866908738919656,0.5758467590461054,0.0,0.962982482091691,2.0,1.999999999999999,4
overactive_decoder,60,2,62,1.0,2.2872679610410045,1.3628996351839073,0.9243683258570972,0.1760765232965229,0.0762087612919411,0.0998677620045818,1.3791196011637887,1.3628996351839067,0.016219965979882067,0.12124240108204698,0.0762087612919411,0.045033639790105884,0.0,0.9081483598772148,2.0,1.089497710624515,16
overactive_decoder,60,3,63,1.0,2.234857992475351,1.3735135548962916,0.8613444375790595,0.06302388827803762,0.010613919712384234,0.052409968565653386,1.375115640357309,1.3735135548962913,0.0016020854610176993,0.014617880518864368,0.010613919712384678,0.0040039608064796894,0.0,0.8597423521180415,2.0,1.0224177045491818,64
overactive_decoder,60,4,64,1.0,2.193195480510469,1.3745141667511858,0.8186813137592832,0.04266312381977633,0.0010006118548941956,0.04166251196488213,1.374696332974255,1.374514166751186,0.00018216622306899133,0.001419919237948708,0.0010006118548946397,0.00041930738305406834,0.0,0.818499147536214,2.0,0.9855544748751017,256
overactive_decoder,60,5,65,1.0,2.1582276285305433,1.3746349237198618,0.7835927048106814,0.035088608948601774,0.00012075696867608343,0.03496785197992569,1.3746541754453463,1.3746349237198632,1.9251725483115933e-05,0.0001629144975858754,0.00012075696867719365,4.215752890868174e-05,0.0,0.7835734530851982,2.0,0.9521348554687,1024
overactive_decoder,60,6,66,1.0,2.128802819704949,1.374647628291599,0.7541551914133502,0.02943751339733125,1.270457173707662e-05,0.029424808825594173,1.3746498017204478,1.3746476282915994,2.1734288484509534e-06,1.707829663466498e-05,1.2704571736188441e-05,4.373724898476539e-06,0.0,0.7541530179845023,2.0,0.9165906790145169,4096
overactive_decoder,60,7,67,1.0,2.104150484509773,1.374649101138913,0.7295013833708599,0.02465380804249029,1.4728473141101261e-06,0.024652335195176178,1.374649344392618,1.3746491011389126,2.432537054009032e-07,1.9301751430500502e-06,1.4728473132219477e-06,4.573278298281025e-07,0.0,0.729501140117155,2.0,0.8789775462907402,16384
overactive_decoder,60,8,68,1.0,2.083607410040665,1.3746492679868831,0.708958142053782,0.020543241317077854,1.6684797010668717e-07,0.020543074469107747,1.3746492960234593,1.374649267986883,2.8036576393830615e-08,2.1521712900707257e-07,1.6684797032873178e-07,4.8369158678340796e-08,0.0,0.708958114017206,2.0,0.8398023272351959,65536
overactive_decoder,72,0,72,0.0,3.0,0.0,3.0,0.0,0.0,0.0,2.0,0.0,2.0,0.0,0.0,0.0,0.0,1.0,0.0,0.0,1
overactive_decoder,72,1,73,1.0,2.7305112800996745,1.583639503425438,1.1468717766742365,1.8531282233257635,1.583639503425438,0.2694887199003255,1.7370224116844768,1.5836395034254378,0.153382908259039,1.846617091740961,1.5836395034254378,0.2629775883155232,0.0,0.9934888684151975,2.0,1.9999999999999996,4
overactive_decoder,72,2,74,1.0,2.692541535563267,1.6840243562134547,1.0085171793498122,0.13835459732442423,0.10038485278801668,0.03796974453640756,1.7091502823772717,1.684024356213455,0.025125926163816814,0.12825698209522218,0.10038485278801712,0.027872129307205062,0.0,0.9833912531859955,2.0,0.6820016139538062,16
overactive_decoder,72,3,75,1.0,2.681162166260605,1.7038170659711969,0.977345100289408,0.0311720790604042,0.019792709757742166,0.011379369302662035,1.7065269183744496,1.7038170659711973,0.0027098524032522775,0.022416073760564537,0.01979270975774239,0.0026233640028221483,0.0,0.9746352478861555,2.0,0.5904717783524855,64
overactive_decoder,72,4,76,1.0,2.6736901245732856,1.7057374425547838,0.9679526820185018,0.0093924182709062,0.0019203765835869024,0.007472041687319297,1.7061692288931465,1.705737442554784,0.00043178633836249425,0.0022780660648897832,0.0019203765835866804,0.00035768948130310285,0.0,0.9675208956801398,2.0,0.5448512131218859,256
overactive_decoder,72,5,77,1.0,2.6678654923536445,1.7060811938836655,0.9617842984699789,0.006168383548522893,0.0003437513288817584,0.005824632219641135,1.7061314398425504,1.7060811938836664,5.024595888403205e-05,0.0003815403794784622,0.00034375132888242454,3.7789050596037654e-05,0.0,0.9617340525110951,2.0,0.5175782162552272,1024
overactive_decoder,72,6,78,1.0,2.663091903172709,1.7061183128863637,0.9569735902863454,0.004810708183633494,3.7119002698204895e-05,0.004773589180935289,1.7061263610046402,1.7061183128863646,8.048118275594263e-06,4.219784060843779e-05,3.7119002698204895e-05,5.078837910232892e-06,0.0,0.9569655421680702,2.0,0.4958633326711582,4096
overactive_decoder,72,7,79,1.0,2.6591020757731756,1.7061247208736232,0.9529773548995524,0.003996235386793057,6.407987259482439e-06,0.003989827399533574,1.7061257716938045,1.706124720873624,1.0508201804260153e-06,6.997298095168247e-06,6.407987259482439e-06,5.893108356858079e-07,0.0,0.9529763040793717,2.0,0.4796028251650519,16384
overactive_decoder,72,8,80,1.0,2.6557385313427435,1.7061255109245757,0.9496130204181679,0.003364334481384512,7.900509524372268e-07,0.003363544430432075,1.706125690191156,1.7061255109245763,1.7926657958078351e-07,8.715536008452318e-07,7.900509522151822e-07,8.150264863004963e-08,0.0,0.9496128411515886,2.0,0.4682380933036575,65536
overactive_decoder,88,0,88,0.0,3.0,0.0,3.0,0.0,0.0,0.0,2.0,0.0,2.0,0.0,0.0,0.0,0.0,1.0,0.0,0.0,1
overactive_decoder,88,1,89,1.0,2.925611683685819,1.6877354205807011,1.237876263105118,1.762123736894882,1.6877354205807011,0.07438831631418097,1.9260423650368566,1.6877354205807014,0.2383069444561552,1.7616930555438448,1.6877354205807014,0.07395763496314345,0.0,0.9995693186489627,2.0,2.000000000000001,4
overactive_decoder,88,2,90,1.0,2.9160998295580303,1.8489547286228794,1.067145100935151,0.17073116216996698,0.1612193080421782,0.009511854127788766,1.9173068172908379,1.8489547286228796,0.06835208866795828,0.1699548557881969,0.1612193080421782,0.008735547746018701,0.0,0.9987930122671929,2.0,0.5667546679022337,16
overactive_decoder,88,3,91,1.0,2.913809136060759,1.9037340927956345,1.0100750432651247,0.057070057670026264,0.054779364172755196,0.002290693497271068,1.9158382046270885,1.9037340927956352,0.012104111831453324,0.056247976836504954,0.05477936417275564,0.0014686126637493135,0.0,0.9979709314336711,2.0,0.47084504573017844,64
overactive_decoder,88,4,92,1.0,2.912650987334669,1.91223552925678,1.0004154580778888,0.009659585187235864,0.00850143646114554,0.0011581487260903245,1.91548997969375,1.9122355292567803,0.0032544504369695915,0.008849661394483732,0.008501436461145095,0.0003482249333386367,0.0,0.9971610076409191,2.0,0.42627155521366894,256
overactive_decoder,88,5,93,1.0,2.9117908117480904,1.914801631132117,0.9969891806159734,0.0034262774619153724,0.0025661018753369014,0.000860175586578471,1.9154215787943651,1.9148016311321168,0.0006199476622483768,0.0026345027747212146,0.0025661018753364573,6.840089938475735e-05,0.0,0.9963692329537254,2.0,0.42113379630922065,1024
overactive_decoder,88,6,94,1.0,2.9109965536398166,1.9152515935790815,0.9957449600607351,0.0012442205552383179,0.0004499624469644914,0.0007942581082738265,1.9154058152955367,1.915251593579081,0.000154221716455627,0.00046572594579274984,0.00044996244696426935,1.5763498828480493e-05,0.0,0.9955907383442794,2.0,0.41964413359942526,4096
overactive_decoder,88,7,95,1.0,2.9102216248190618,1.915371111562966,0.9948505132560959,0.0008944468046392373,0.0001195179838844318,0.0007749288207548055,1.9154025107784878,1.915371111562965,3.139921552275382e-05,0.00012282250093287317,0.00011951798388398771,3.304517048885458e-06,0.0,0.994819114040573,2.0,0.4199979711625874,16384
overactive_decoder,88,8,96,1.0,2.90944881536173,1.915394352608185,0.994054462753545,0.0007960505025508269,2.3241045219002388e-05,0.0007728094573318245,1.91540175966198,1.915394352608184,7.407053795871477e-06,2.3992161726882344e-05,2.3241045219002388e-05,7.511165078799564e-07,0.0,0.9940470556997492,2.0,0.42058778702302113,65536
instant_proxy_decoder,0,0,0,0.0,3.0,0.0,3.0,0.0,0.0,0.0,2.0,0.0,2.0,0.0,0.0,0.0,0.0,1.0,0.0,0.0,1
instant_proxy_decoder,0,1,1,0.0,2.9430628921427755,1.7212337482348847,1.2218291439078908,1.7781708560921092,1.7212337482348847,0.0569371078572245,1.9431592222445675,1.7212337482348854,0.2219254740096821,1.778074525990318,1.7212337482348854,0.0568407777554325,0.0,0.9999036698982083,2.0,2.000000000000001,4
instant_proxy_decoder,0,2,2,0.0,2.9321094262089153,1.8800706874244821,1.0520387387844332,0.16979040512345756,0.1588369391895974,0.010953465933860151,1.9324132655916408,1.8800706874244828,0.05234257816715804,0.16958289584252406,0.1588369391895974,0.010745956652926658,0.0,0.9996961606172751,2.0,0.49276412747664233,16
instant_proxy_decoder,0,3,3,0.0,2.930037047899828,1.9236737846338186,1.0063632632660096,0.04567547551842366,0.04360309720933642,0.0020723783090872416,1.9305709779412332,1.9236737846338188,0.006897193307414451,0.04544538485974359,0.04360309720933597,0.0018422876504076147,0.0,0.9994660699585952,2.0,0.3939995134005764,64
instant_proxy_decoder,0,4,4,0.0,2.9295011326810134,1.9286131096377832,1.0008880230432302,0.005475240222779343,0.004939325003964656,0.0005359152188146865,1.930272893974268,1.9286131096377839,0.0016597843364840603,0.005237408970930391,0.0049393250039651004,0.00029808396696529016,0.0,0.9992282387067459,2.0,0.35798195780200354,256
instant_proxy_decoder,0,5,5,0.0,2.9291943981218465,1.9299757693089452,0.9992186288129012,0.0016693942303289688,0.0013626596711620031,0.0003067345591669657,1.93021420344606,1.929975769308946,0.00023843413711399641,0.001421350199370064,0.0013626596711622252,5.869052820783871e-05,0.0,0.998980194675787,2.0,0.3563341641109829,1024
instant_proxy_decoder,0,6,6,0.0,2.9289204137723432,1.9301464148864078,0.9987739988859354,0.0004446299269658116,0.00017064557746260256,0.00027398434950320905,1.9302044174992379,1.930146414886409,5.800261282895569e-05,0.00018043152428504072,0.0001706455774628246,9.785946822216118e-06,0.0,0.9987159962731066,2.0,0.35697082999311336,4096
instant_proxy_decoder,0,7,7,0.0,2.928628614055052,1.9301934561367515,0.9984351579183004,0.0003388409676350346,4.7041250343715646e-05,0.00029179971729131893,1.9302023214211954,1.9301934561367529,8.865284442549637e-06,4.9137328386406054e-05,4.704125034393769e-05,2.0960780424683634e-06,0.0,0.9984262926338584,2.0,0.3590266879614946,16384
instant_proxy_decoder,0,8,8,0.0,2.928299805047568,1.9301997941669988,0.9981000108805693,0.0003351470377310761,6.338030247299287e-06,0.00032880900748377684,1.9302019585342278,1.9301997941670006,2.164367227219799e-06,6.700917215329838e-06,6.338030247743376e-06,3.628869675864621e-07,0.0,0.9980978465133421,2.0,0.3618673634506171,65536
instant_proxy_decoder,44,0,44,0.0,3.0,0.0,3.0,0.0,0.0,0.0,2.0,0.0,2.0,0.0,0.0,0.0,0.0,1.0,0.0,0.0,1
instant_proxy_decoder,44,1,45,0.0,2.556296172648965,1.422890936071994,1.1334052365769711,1.8665947634230289,1.422890936071994,0.443703827351035,1.5735176219814395,1.4228909360719941,0.1506266859094454,1.8493733140905546,1.4228909360719941,0.4264823780185605,0.0,0.9827785506675257,2.0,2.000000000000001,4
instant_proxy_decoder,44,2,46,0.0,2.4815841178143616,1.510947251044765,0.9706368667695966,0.16276836980737452,0.08805631497277111,0.07471205483460341,1.5320368387217553,1.5109472510447648,0.02108958767699054,0.12953709823245485,0.08805631497277067,0.041480783259684184,0.0,0.9495472790926063,2.0,0.9326590438718685,16
instant_proxy_decoder,44,3,47,0.0,2.439710877122706,1.5254983802598174,0.9142124968628884,0.05642436990670818,0.014551129215052416,0.041873240691655766,1.527665832406334,1.525498380259817,0.002167452146516924,0.018922135530473616,0.014551129215052194,0.004371006315421422,0.0,0.9120450447163712,2.0,0.9189925901953995,64
instant_proxy_decoder,44,4,48,0.0,2.399242888123281,1.5268597940151534,0.8723830941081274,0.04182940275476099,0.0013614137553359384,0.04046798899942505,1.5271240270878117,1.526859794015152,0.0002642330726596587,0.0019032190738572652,0.0013614137553350503,0.0005418053185222149,0.0,0.872118861035468,2.0,0.9436302348019238,256
instant_proxy_decoder,44,5,49,0.0,2.3575045622548707,1.5270351534611106,0.8304694087937601,0.041913685314367344,0.00017535944595725717,0.04173832586841009,1.5270626240894707,1.5270351534611102,2.747062836050418e-05,0.0002367624442991545,0.00017535944595814534,6.140299834100915e-05,0.0,0.8304419381653995,2.0,0.9755963861877089,1024
instant_proxy_decoder,44,6,50,0.0,2.314725517801618,1.5270525650629376,0.7876729527386805,0.042796456055079535,1.7411601826999856e-05,0.042779044453252535,1.5270556115219946,1.5270525650629363,3.0464590583534346e-06,2.4424169302150744e-05,1.7411601826111678e-05,7.012567476039067e-06,0.0,0.7876699062796222,2.0,1.0052383076250908,4096
instant_proxy_decoder,44,7,51,0.0,2.2715407988070515,1.5270545123280148,0.7444862864790367,0.04318666625964385,1.947265077184568e-06,0.04318471899456666,1.5270548313225336,1.5270545123280141,3.189945194659316e-07,2.727464538887503e-06,1.9472650778507017e-06,7.801994610368013e-07,0.0,0.7444859674845175,2.0,1.031493897104119,16384
instant_proxy_decoder,44,8,52,0.0,2.228623459202426,1.5270547125629963,0.7015687466394298,0.04291753983960689,2.002349814844706e-07,0.042917339604625404,1.52705474622709,1.527054712562996,3.366409395688663e-08,2.8533042550904497e-07,2.0023498192855982e-07,8.509544358048515e-08,0.0,0.701568712975336,2.0,1.0539169847649443,65536
instant_proxy_decoder,52,0,52,0.0,3.0,0.0,3.0,0.0,0.0,0.0,2.0,0.0,2.0,0.0,0.0,0.0,0.0,1.0,0.0,0.0,1
instant_proxy_decoder,52,1,53,0.0,2.3613329111996224,1.26014042336167,1.1011924878379524,1.8988075121620476,1.26014042336167,0.6386670888003776,1.4002003447394795,1.26014042336167,0.14005992137780954,1.8599400786221905,1.26014042336167,0.5997996552605205,0.0,0.9611325664601429,2.0,2.0,4
instant_proxy_decoder,52,2,54,0.0,2.2513290467553713,1.336589386039506,0.9147396607158653,0.1864528271220871,0.07644896267783596,0.11000386444425114,1.352971949448985,1.3365893860395066,0.0163825634094783,0.12367735796833124,0.07644896267783663,0.04722839529049461,0.0,0.8983570973063868,2.0,1.1357223114705997,16
instant_proxy_decoder,52,3,55,0.0,2.1861750335511627,1.3469624902154254,0.8392125433357374,0.07552711738012796,0.010373104175919412,0.06515401320420855,1.3485376380333882,1.3469624902154258,0.001575147817962419,0.014807415591515882,0.01037310417591919,0.004434311415596692,0.0,0.8376373955177748,2.0,1.1033865142867774,64
instant_proxy_decoder,52,4,56,0.0,2.129235172032342,1.3479052634263584,0.7813299086059837,0.057882634729753635,0.0009427732109330567,0.05693986151882058,1.3480729543723724,1.3479052634263584,0.00016769094601398749,0.0014074568719484315,0.0009427732109326126,0.00046468366101581893,0.0,0.7811622176599697,2.0,1.1012445521491445,256
instant_proxy_decoder,52,5,57,0.0,2.077287819809215,1.3480096051684904,0.7292782146407244,0.05205169396525933,0.00010434174213203029,0.0519473522231273,1.348026155813716,1.3480096051684898,1.655064522632088e-05,0.0001511403007876666,0.00010434174213136416,4.679855865630245e-05,0.0,0.7292616639954981,2.0,1.1009030016407588,1024
instant_proxy_decoder,52,6,58,0.0,2.030119183543065,1.3480197465415586,0.6820994370015065,0.04717877763921785,1.0141373068206505e-05,0.047168636266149644,1.348021437510785,1.3480197465415575,1.6909692275302035e-06,1.4859675998790678e-05,1.0141373067762416e-05,4.718302931028262e-06,0.0,0.6820977460322789,2.0,1.0963889010671348,4096
instant_proxy_decoder,52,7,59,0.0,1.9877422433599923,1.3480207929661598,0.6397214503938324,0.04237798660767411,1.0464246011920864e-06,0.04237694018307292,1.3480209636713538,1.348020792966159,1.7070519486850344e-07,1.5202640326617e-06,1.046424601414131e-06,4.738394312475691e-07,0.0,0.6397212796886379,2.0,1.0872333059272843,16384
instant_proxy_decoder,52,8,60,0.0,1.9500678626383294,1.3480208988251048,0.6020469638132246,0.03767448658060779,1.0585894494319348e-07,0.03767438072166285,1.348020916299927,1.3480208988251046,1.7474822477936414e-08,1.5323037239056703e-07,1.0585894560932729e-07,4.7371426781239734e-08,0.0,0.6020469463384024,2.0,1.0734353086770887,65536
instant_proxy_decoder,60,0,60,0.0,3.0,0.0,3.0,0.0,0.0,0.0,2.0,0.0,2.0,0.0,0.0,0.0,0.0,1.0,0.0,0.0,1
instant_proxy_decoder,60,1,61,0.0,2.3897839702775294,1.2866908738919658,1.1030930963855636,1.8969069036144364,1.2866908738919658,0.6102160297224706,1.425939497913172,1.2866908738919656,0.13924862402120652,1.8607513759787935,1.2866908738919656,0.5740605020868279,0.0,0.9638444723643572,2.0,1.9999999999999991,4
instant_proxy_decoder,60,2,62,0.0,2.2905443221952444,1.3635894056972293,0.9269549164980151,0.17613817988754854,0.07689853180526351,0.09923964808228503,1.380205436996906,1.3635894056972289,0.016616031299677037,0.12263259272152949,0.07689853180526329,0.045734060916266195,0.0,0.9103388851983383,2.0,1.0831022545523106,16
instant_proxy_decoder,60,3,63,0.0,2.2392138468823988,1.3744651354768205,0.8647487114055783,0.062206205092436795,0.01087572977959117,0.051330475312845625,1.3761215435598408,1.3744651354768205,0.0016564080830203665,0.01495962321665667,0.010875729779591614,0.004083893437065056,0.0,0.8630923033225579,2.0,1.014379379316904,64
instant_proxy_decoder,60,4,64,0.0,2.1985364550655886,1.3754975278611405,0.823038927204448,0.04170978420113025,0.0010323923843200689,0.04067739181681018,1.3756881404473746,1.375497527861141,0.00019061258623365163,0.0014657954967867148,0.001032392384320513,0.0004334031124662019,0.0,0.8228483146182145,2.0,0.9769207820440002,256
instant_proxy_decoder,60,5,65,0.0,2.1644349318274507,1.3756238378370618,0.788811093990389,0.03422783321405909,0.00012630997592122384,0.034101523238137865,1.3756441818631082,1.3756238378370633,2.0344026044893937e-05,0.0001702685601887577,0.00012630997592233406,4.395858426642363e-05,0.0,0.7887907499643438,2.0,0.9431065259587033,1024
instant_proxy_decoder,60,6,66,0.0,2.1357748194680415,1.3756372459068282,0.7601375735612133,0.028673520429175703,1.3408069766462916e-05,0.02866011235940924,1.375639569761866,1.3756372459068296,2.323855036401312e-06,1.8020171008492625e-05,1.3408069766240871e-05,4.612101242251754e-06,0.0,0.7601352497061769,2.0,0.9071568154721494,4096
instant_proxy_decoder,60,7,67,0.0,2.111806004321448,1.3756388194297786,0.7361671848916695,0.023970388669543707,1.5735229503821557e-06,0.023968815146593325,1.3756390823288973,1.3756388194297795,2.628991178088569e-07,2.0609559185924553e-06,1.5735229499380665e-06,4.874329686543888e-07,0.0,0.7361669219925514,2.0,0.8691044064628206,16384
instant_proxy_decoder,60,8,68,0.0,2.091881700223617,1.37563899955736,0.7162427006662573,0.019924484225412264,1.8012758129515305e-07,0.01992430409783097,1.3756390302086525,1.3756389995573601,3.065129239310238e-08,2.322478254157545e-07,1.8012758062901923e-07,5.212024478673527e-08,0.0,0.7162426700149653,2.0,0.8294541441460027,65536
instant_proxy_decoder,72,0,72,0.0,3.0,0.0,3.0,0.0,0.0,0.0,2.0,0.0,2.0,0.0,0.0,0.0,0.0,1.0,0.0,0.0,1
instant_proxy_decoder,72,1,73,0.0,2.734880529181326,1.583639503425438,1.1512410257558878,1.8487589742441122,1.583639503425438,0.26511947081867415,1.7408520502442668,1.5836395034254378,0.157212546818829,1.842787453181171,1.5836395034254378,0.2591479497557332,0.0,0.9940284789370593,2.0,1.9999999999999996,4
instant_proxy_decoder,72,2,74,0.0,2.6965436116556107,1.6853909700396619,1.0111526416159489,0.14008838413993896,0.10175146661422385,0.03833691752571511,1.7117612730708756,1.6853909700396619,0.026370303031213682,0.13084224378761533,0.10175146661422407,0.029090777173391258,0.0,0.9847823385847355,2.0,0.6700677288502046,16
instant_proxy_decoder,72,3,75,0.0,2.685860565647124,1.7061550484100148,0.9797055172371094,0.03144712437883945,0.02076407837035288,0.010683046008486574,1.7090416753959687,1.7061550484100154,0.0028866269859533222,0.02348367604526036,0.020764078370353545,0.002719597674906815,0.0,0.976818890251156,2.0,0.5769733145723888,64
instant_proxy_decoder,72,4,76,0.0,2.6790846521499407,1.7081792599459291,0.9709053922040116,0.008800125033097794,0.0020242115359143664,0.006775913497183428,1.7086533799996455,1.7081792599459296,0.0004741200537159429,0.0024125069322373793,0.0020242115359141444,0.00038829539632323495,0.0,0.9704312721502961,2.0,0.5299109183635553,256
instant_proxy_decoder,72,5,77,0.0,2.673921877693463,1.7085566098975002,0.9653652677959625,0.005540124408049074,0.0003773499515711265,0.005162774456477948,1.7086122041364926,1.7085566098975011,5.559423899148541e-05,0.0004185258147244575,0.0003773499515715706,4.1175863152886905e-05,0.0,0.9653096735569714,2.0,0.5019976107193407,1024
instant_proxy_decoder,72,6,78,0.0,2.6697693969668865,1.7085972477718365,0.96117214919505,0.004193118600912538,4.063787433628008e-05,0.0041524807265762576,1.7086064425185852,1.7085972477718374,9.194746747764881e-06,4.639949224372053e-05,4.063787433628008e-05,5.761617907440453e-06,0.0,0.9611629544483024,2.0,0.47979123438436777,4096
instant_proxy_decoder,72,7,79,0.0,2.666368184218177,1.7086045595491417,0.9577636246690353,0.0034085245260147,7.311777305174516e-06,0.0034012127487095256,1.708605772530192,1.7086045595491426,1.2129810493810567e-06,7.981765698383825e-06,7.311777305174516e-06,6.699883932093087e-07,0.0,0.9577624116879859,2.0,0.46309446174320484,16384
instant_proxy_decoder,72,8,80,0.0,2.6635675656643687,1.708605460615522,0.9549621050488466,0.0028015196201887083,9.01066380398774e-07,0.0028006185538083095,1.7086056760428612,1.7086054606155228,2.154273384125105e-07,9.975537109685462e-07,9.010663801767294e-07,9.648733079181682e-08,0.0,0.9549618896215083,2.0,0.4513616677184151,65536
instant_proxy_decoder,88,0,88,0.0,3.0,0.0,3.0,0.0,0.0,0.0,2.0,0.0,2.0,0.0,0.0,0.0,0.0,1.0,0.0,0.0,1
instant_proxy_decoder,88,1,89,0.0,2.935057507440257,1.6877354205807005,1.2473220868595565,1.7526779131404435,1.6877354205807005,0.06494249255974305,1.9352522050358454,1.6877354205807014,0.24751678445514402,1.752483215544856,1.6877354205807014,0.06474779496415461,0.0,0.9998053024044117,2.0,2.000000000000001,4
instant_proxy_decoder,88,2,90,0.0,2.9261006438743213,1.8510723414375216,1.0750283024367997,0.17229378442275678,0.16333692085682117,0.008956863565935613,1.9266520513615801,1.8510723414375225,0.0755797099240576,0.17193707453108642,0.16333692085682117,0.008600153674265254,0.0,0.9994485925127421,2.0,0.55430259826291,16
instant_proxy_decoder,88,3,91,0.0,2.924051037921094,1.9106381929763074,1.0134128449447868,0.061615457492012915,0.0595658515387858,0.0020496059532271182,1.9249702112543503,1.910638192976308,0.014332018278042202,0.0612476916460154,0.059565851538785575,0.0016818401072298261,0.0,0.9990808266667449,2.0,0.4552571316127911,64
instant_proxy_decoder,88,4,92,0.0,2.9233160283557327,1.920471733464655,1.0028442948910776,0.010568550053709158,0.009833540488347614,0.000735009565361544,1.9245853752326818,1.920471733464655,0.0041136417680267545,0.010218376510015448,0.009833540488346948,0.00038483602166849984,0.0,0.9987306531230508,2.0,0.4062940957635745,256
instant_proxy_decoder,88,5,93,0.0,2.922895200730279,1.923654414672088,0.9992407860581911,0.003603508832886515,0.0031826812074329247,0.0004208276254535903,1.924498766268752,1.9236544146720882,0.0008443515966638504,0.003269290171362904,0.0031826812074331468,8.660896392975737e-05,0.0,0.998396434461527,2.0,0.4000725074993453,1024
instant_proxy_decoder,88,6,94,0.0,2.9225511938809503,1.924253659715189,0.9982975341657614,0.0009432518924297195,0.0005992450431009377,0.0003440068493287818,1.924478471369528,1.924253659715189,0.00022481165433907435,0.000619539942324776,0.0005992450431007157,2.029489922406036e-05,0.0,0.9980727225114226,2.0,0.3979757896043857,4096
instant_proxy_decoder,88,7,95,0.0,2.9222272766092803,1.9244244365533878,0.9978028400558925,0.0004946941098689095,0.00017077683819888279,0.0003239172716700267,1.9244737956815026,1.924424436553387,4.935912811565579e-05,0.00017545252622341856,0.0001707768381979946,4.675688025423952e-06,0.0,0.9977534809277773,2.0,0.3981478530650834,16384
instant_proxy_decoder,88,8,96,0.0,2.9219048626250204,1.9244601866321287,0.9974446759928917,0.00035816406300082093,3.5750078740903746e-05,0.0003224139842599172,1.924472676435893,1.924460186632128,1.2489803765003415e-05,3.686932435065238e-05,3.575007874112579e-05,1.1192456095265868e-06,0.0,0.9974321861891268,2.0,0.398650726350089,65536
