case,time,rate,coherence
aligned,0.0,0.0,1.0
misaligned,0.0,2.0,1.0
aligned,0.025,0.0,1.0
misaligned,0.025,2.0,0.951229424500714
aligned,0.05,0.0,1.0
misaligned,0.05,2.0,0.9048374180359595
aligned,0.07500000000000001,0.0,1.0
misaligned,0.07500000000000001,2.0,0.8607079764250578
aligned,0.1,0.0,1.0
misaligned,0.1,2.0,0.8187307530779818
aligned,0.125,0.0,1.0
misaligned,0.125,2.0,0.7788007830714049
aligned,0.15000000000000002,0.0,1.0
misaligned,0.15000000000000002,2.0,0.7408182206817179
aligned,0.17500000000000002,0.0,1.0
misaligned,0.17500000000000002,2.0,0.7046880897187134
aligned,0.2,0.0,1.0
misaligned,0.2,2.0,0.6703200460356393
aligned,0.225,0.0,1.0
misaligned,0.225,2.0,0.6376281516217733
aligned,0.25,0.0,1.0
misaligned,0.25,2.0,0.6065306597126334
aligned,0.275,0.0,1.0
misaligned,0.275,2.0,0.5769498103804866
aligned,0.30000000000000004,0.0,1.0
misaligned,0.30000000000000004,2.0,0.5488116360940264
aligned,0.325,0.0,1.0
misaligned,0.325,2.0,0.522045776761016
aligned,0.35000000000000003,0.0,1.0
misaligned,0.35000000000000003,2.0,0.49658530379140947
aligned,0.375,0.0,1.0
misaligned,0.375,2.0,0.4723665527410147
aligned,0.4,0.0,1.0
misaligned,0.4,2.0,0.44932896411722156
aligned,0.42500000000000004,0.0,1.0
misaligned,0.42500000000000004,2.0,0.42741493194872665
aligned,0.45,0.0,1.0
misaligned,0.45,2.0,0.4065696597405991
aligned,0.47500000000000003,0.0,1.0
misaligned,0.47500000000000003,2.0,0.3867410234545012
aligned,0.5,0.0,1.0
misaligned,0.5,2.0,0.36787944117144233
aligned,0.525,0.0,1.0
misaligned,0.525,2.0,0.3499377491111553
aligned,0.55,0.0,1.0
misaligned,0.55,2.0,0.33287108369807955
aligned,0.5750000000000001,0.0,1.0
misaligned,0.5750000000000001,2.0,0.31663676937905316
aligned,0.6000000000000001,0.0,1.0
misaligned,0.6000000000000001,2.0,0.301194211912202
aligned,0.625,0.0,1.0
misaligned,0.625,2.0,0.2865047968601901
aligned,0.65,0.0,1.0
misaligned,0.65,2.0,0.2725317930340126
aligned,0.675,0.0,1.0
misaligned,0.675,2.0,0.2592402606458915
aligned,0.7000000000000001,0.0,1.0
misaligned,0.7000000000000001,2.0,0.24659696394160643
aligned,0.7250000000000001,0.0,1.0
misaligned,0.7250000000000001,2.0,0.23457028809379762
aligned,0.75,0.0,1.0
misaligned,0.75,2.0,0.22313016014842982
aligned,0.775,0.0,1.0
misaligned,0.775,2.0,0.21224797382674304
aligned,0.8,0.0,1.0
misaligned,0.8,2.0,0.20189651799465538
aligned,0.8250000000000001,0.0,1.0
misaligned,0.8250000000000001,2.0,0.19204990862075408
aligned,0.8500000000000001,0.0,1.0
misaligned,0.8500000000000001,2.0,0.1826835240527346
aligned,0.875,0.0,1.0
misaligned,0.875,2.0,0.17377394345044514
aligned,0.9,0.0,1.0
misaligned,0.9,2.0,0.16529888822158653
aligned,0.925,0.0,1.0
misaligned,0.925,2.0,0.1572371663136276
aligned,0.9500000000000001,0.0,1.0
misaligned,0.9500000000000001,2.0,0.14956861922263504
aligned,0.9750000000000001,0.0,1.0
misaligned,0.9750000000000001,2.0,0.14227407158651353
aligned,1.0,0.0,1.0
misaligned,1.0,2.0,0.1353352832366127
aligned,1.0250000000000001,0.0,1.0
misaligned,1.0250000000000001,2.0,0.12873490358780418
aligned,1.05,0.0,1.0
misaligned,1.05,2.0,0.1224564282529819
aligned,1.075,0.0,1.0
misaligned,1.075,2.0,0.11648415777349697
aligned,1.1,0.0,1.0
misaligned,1.1,2.0,0.11080315836233387
aligned,1.125,0.0,1.0
misaligned,1.125,2.0,0.10539922456186433
aligned,1.1500000000000001,0.0,1.0
misaligned,1.1500000000000001,2.0,0.1002588437228037
aligned,1.175,0.0,1.0
misaligned,1.175,2.0,0.09536916221554961
aligned,1.2000000000000002,0.0,1.0
misaligned,1.2000000000000002,2.0,0.09071795328941247
aligned,1.225,0.0,1.0
misaligned,1.225,2.0,0.0862935864993705
aligned,1.25,0.0,1.0
misaligned,1.25,2.0,0.0820849986238988
aligned,1.2750000000000001,0.0,1.0
misaligned,1.2750000000000001,2.0,0.07808166600115313
aligned,1.3,0.0,1.0
misaligned,1.3,2.0,0.07427357821433388
aligned,1.3250000000000002,0.0,1.0
misaligned,1.3250000000000002,2.0,0.07065121306042957
aligned,1.35,0.0,1.0
misaligned,1.35,2.0,0.06720551273974976
aligned,1.375,0.0,1.0
misaligned,1.375,2.0,0.06392786120670757
aligned,1.4000000000000001,0.0,1.0
misaligned,1.4000000000000001,2.0,0.06081006262521795
aligned,1.425,0.0,1.0
misaligned,1.425,2.0,0.057844320874838456
aligned,1.4500000000000002,0.0,1.0
misaligned,1.4500000000000002,2.0,0.05502322005640721
aligned,1.475,0.0,1.0
misaligned,1.475,2.0,0.05233970594843238
aligned,1.5,0.0,1.0
misaligned,1.5,2.0,0.049787068367863944
aligned,1.5250000000000001,0.0,1.0
misaligned,1.5250000000000001,2.0,0.04735892439114091
aligned,1.55,0.0,1.0
misaligned,1.55,2.0,0.0450492023935578
aligned,1.5750000000000002,0.0,1.0
misaligned,1.5750000000000002,2.0,0.042852126867040166
aligned,1.6,0.0,1.0
misaligned,1.6,2.0,0.04076220397836621
aligned,1.625,0.0,1.0
misaligned,1.625,2.0,0.03877420783172201
aligned,1.6500000000000001,0.0,1.0
misaligned,1.6500000000000001,2.0,0.036883167401239994
aligned,1.675,0.0,1.0
misaligned,1.675,2.0,0.035084354100845025
aligned,1.7000000000000002,0.0,1.0
misaligned,1.7000000000000002,2.0,0.033373269960326066
aligned,1.725,0.0,1.0
misaligned,1.725,2.0,0.03174563637806794
aligned,1.75,0.0,1.0
misaligned,1.75,2.0,0.0301973834223185
aligned,1.7750000000000001,0.0,1.0
misaligned,1.7750000000000001,2.0,0.028724639654239423
aligned,1.8,0.0,1.0
misaligned,1.8,2.0,0.02732372244729256
aligned,1.8250000000000002,0.0,1.0
misaligned,1.8250000000000002,2.0,0.025991128778755333
aligned,1.85,0.0,1.0
misaligned,1.85,2.0,0.024723526470339388
aligned,1.875,0.0,1.0
misaligned,1.875,2.0,0.023517745856009107
aligned,1.9000000000000001,0.0,1.0
misaligned,1.9000000000000001,2.0,0.02237077185616559
aligned,1.925,0.0,1.0
misaligned,1.925,2.0,0.02127973643837717
aligned,1.9500000000000002,0.0,1.0
misaligned,1.9500000000000002,2.0,0.02024191144580438
aligned,1.975,0.0,1.0
misaligned,1.975,2.0,0.01925470177538692
aligned,2.0,0.0,1.0
misaligned,2.0,2.0,0.01831563888873418
aligned,2.025,0.0,1.0
misaligned,2.025,2.0,0.017422374639493515
aligned,2.0500000000000003,0.0,1.0
misaligned,2.0500000000000003,2.0,0.016572675401761237
aligned,2.075,0.0,1.0
misaligned,2.075,2.0,0.015764416484854486
aligned,2.1,0.0,1.0
misaligned,2.1,2.0,0.014995576820477703
aligned,2.125,0.0,1.0
misaligned,2.125,2.0,0.014264233908999256
aligned,2.15,0.0,1.0
misaligned,2.15,2.0,0.013568559012200934
aligned,2.1750000000000003,0.0,1.0
misaligned,2.1750000000000003,2.0,0.012906812580479862
aligned,2.2,0.0,1.0
misaligned,2.2,2.0,0.012277339903068436
aligned,2.225,0.0,1.0
misaligned,2.225,2.0,0.011678566970395442
aligned,2.25,0.0,1.0
misaligned,2.25,2.0,0.011108996538242306
aligned,2.275,0.0,1.0
misaligned,2.275,2.0,0.010567204383852655
aligned,2.3000000000000003,0.0,1.0
misaligned,2.3000000000000003,2.0,0.010051835744633576
aligned,2.325,0.0,1.0
misaligned,2.325,2.0,0.009561601930543505
aligned,2.35,0.0,1.0
misaligned,2.35,2.0,0.009095277101695816
aligned,2.375,0.0,1.0
misaligned,2.375,2.0,0.008651695203120634
aligned,2.4000000000000004,0.0,1.0
misaligned,2.4000000000000004,2.0,0.008229747049020023
aligned,2.4250000000000003,0.0,1.0
misaligned,2.4250000000000003,2.0,0.007828377549225767
aligned,2.45,0.0,1.0
misaligned,2.45,2.0,0.007446583070924338
aligned,2.475,0.0,1.0
misaligned,2.475,2.0,0.0070834089290521185
aligned,2.5,0.0,1.0
misaligned,2.5,2.0,0.006737946999085467
aligned,2.5250000000000004,0.0,1.0
misaligned,2.5250000000000004,2.0,0.006409333446256377
aligned,2.5500000000000003,0.0,1.0
misaligned,2.5500000000000003,2.0,0.006096746565515633
aligned,2.575,0.0,1.0
misaligned,2.575,2.0,0.005799404726842141
aligned,2.6,0.0,1.0
misaligned,2.6,2.0,0.0055165644207607716
aligned,2.625,0.0,1.0
misaligned,2.625,2.0,0.005247518399181385
aligned,2.6500000000000004,0.0,1.0
misaligned,2.6500000000000004,2.0,0.004991593906910213
aligned,2.6750000000000003,0.0,1.0
misaligned,2.6750000000000003,2.0,0.004748150999411473
aligned,2.7,0.0,1.0
misaligned,2.7,2.0,0.004516580942612666
aligned,2.725,0.0,1.0
misaligned,2.725,2.0,0.00429630469075234
aligned,2.75,0.0,1.0
misaligned,2.75,2.0,0.004086771438464067
aligned,2.7750000000000004,0.0,1.0
misaligned,2.7750000000000004,2.0,0.003887457243476127
aligned,2.8000000000000003,0.0,1.0
misaligned,2.8000000000000003,2.0,0.003697863716482929
aligned,2.825,0.0,1.0
misaligned,2.825,2.0,0.0035175167749121284
aligned,2.85,0.0,1.0
misaligned,2.85,2.0,0.003345965457471272
aligned,2.875,0.0,1.0
misaligned,2.875,2.0,0.003182780796509667
aligned,2.9000000000000004,0.0,1.0
misaligned,2.9000000000000004,2.0,0.0030275547453758127
aligned,2.9250000000000003,0.0,1.0
misaligned,2.9250000000000003,2.0,0.0028798991580882404
aligned,2.95,0.0,1.0
misaligned,2.95,2.0,0.0027394448187683684
aligned,2.975,0.0,1.0
misaligned,2.975,2.0,0.0026058405184084983
aligned,3.0,0.0,1.0
misaligned,3.0,2.0,0.0024787521766663585
