true_lens_center,bright_bins,dark_bins,bright_entropy_bits,full_entropy_bits,bright_info_bits,full_info_bits,dark_fringe_gain_bits,bright_map,full_map,bright_mean,full_mean,bright_map_abs_error,full_map_abs_error,bright_mean_abs_error,full_mean_abs_error
0.18,72,19,0.001358326321256261,0.00044915745472151467,7.032064675216194,7.032973844082728,0.0009091688665347462,0.17846153846153845,0.17846153846153845,0.17846207285029428,0.17846169647519877,0.001538461538461544,0.001538461538461544,0.0015379271497057145,0.0015383035248012211
0.212,70,21,0.10901365281036511,0.027805682973197885,6.924409348727085,7.005617318564252,0.08120796983716723,0.21353846153846154,0.21353846153846154,0.21345407353161316,0.21352207432680537,0.001538461538461544,0.001538461538461544,0.0014540735316131703,0.0015220743268053727
0.244,73,18,0.03857291165297794,0.014133699746472876,6.994850089884472,7.019289301790978,0.02443921190650506,0.24276923076923076,0.24276923076923076,0.24279313618001921,0.2427767014359334,0.0012307692307692297,0.0012307692307692297,0.0012068638199807802,0.0012232985640665828
0.27599999999999997,69,22,0.38710859152618116,0.051243520423791725,6.646314410011269,6.982179481113659,0.33586507110238945,0.27784615384615385,0.27784615384615385,0.2774049263260564,0.2778123975736943,0.0018461538461538862,0.0018461538461538862,0.0014049263260564326,0.0018123975736943354
0.30799999999999994,72,19,0.018089380843970115,0.0020913655109288925,7.01533362069348,7.031331636026521,0.015998015333041224,0.3070769230769231,0.3070769230769231,0.307086833697137,0.307077784817677,0.0009230769230768598,0.0009230769230768598,0.0009131663028629222,0.0009222151823229385
0.33999999999999997,71,20,0.16577912448400092,0.09425585475243219,6.86764387705345,6.939167146785018,0.07152326973156874,0.34215384615384614,0.34215384615384614,0.34201087011819364,0.3420832528975724,0.002153846153846173,0.002153846153846173,0.002010870118193675,0.0020832528975724407
0.372,70,21,0.00011461066207817283,1.8080548837963668e-06,7.033308390875372,7.033421193482567,0.00011280260719437647,0.37138461538461537,0.37138461538461537,0.37138464808204114,0.37138461578450355,0.0006153846153846287,0.0006153846153846287,0.0006153519179588618,0.0006153842154964506
0.40399999999999997,72,19,0.6820488417133417,0.49874333352738676,6.3513741598241085,6.534679668010064,0.18330550818595492,0.4064615384615385,0.4064615384615385,0.40540396055909755,0.40582073214662645,0.002461538461538515,0.002461538461538515,0.0014039605590975834,0.0018207321466264803
0.43599999999999994,72,19,0.003697261232345484,0.00019131724941628644,7.029725740305104,7.033231684288034,0.0035059439829291973,0.43569230769230766,0.43569230769230766,0.43569372222000985,0.43569235309081566,0.0003076923076922866,0.0003076923076922866,0.000306277779990094,0.00030764690918427817
0.4679999999999999,73,18,0.8591122147300058,0.7590031112961477,6.174310786807444,6.274419890241303,0.10010910343385804,0.4707692307692308,0.4707692307692308,0.46911648609807083,0.46948679945941824,0.002769230769230857,0.002769230769230857,0.0011164860980709124,0.0014867994594183198
0.49999999999999994,71,20,7.845532794524497e-05,7.175572158746321e-06,7.033344546209505,7.0334158259652915,7.127975578649865e-05,0.5,0.5,0.49999997934421847,0.4999999982968876,5.551115123125783e-17,5.551115123125783e-17,2.065578147414371e-08,1.70311231784126e-09
0.532,73,18,0.9997630374717659,0.6656515508702476,6.033659964065684,6.3677714506672025,0.33411148660151824,0.535076923076923,0.5292307692307692,0.5322068242100916,0.5302450835213582,0.003076923076922977,0.002769230769230857,0.0002068242100915496,0.0017549164786417881
0.564,71,20,0.00046957256190144207,0.00010864849416313864,7.032953428975548,7.033314353043287,0.00036092406773830345,0.5643076923076923,0.5643076923076923,0.5643076075548191,0.5643076844962353,0.0003076923076923421,0.0003076923076923421,0.0003076075548191781,0.00030768449623530536
0.5959999999999999,68,23,0.7664444069142199,0.2426952118289218,6.266978594623231,6.790727789708528,0.5237491950852982,0.5935384615384616,0.5935384615384616,0.5948396079253663,0.5937727093398989,0.002461538461538293,0.002461538461538293,0.0011603920746335872,0.0022272906601009668
0.6279999999999999,70,21,0.012424874673690032,0.001761152395262301,7.02099812686376,7.031661849142188,0.010663722278427731,0.6286153846153847,0.6286153846153847,0.6286104248747143,0.6286147201491133,0.0006153846153847953,0.0006153846153847953,0.0006104248747144103,0.0006147201491134568
0.6599999999999999,73,18,0.745348360424914,0.7243159121526624,6.288074641112536,6.309107089384788,0.02103244827225159,0.6578461538461539,0.6578461538461539,0.6590713566725365,0.6590125757066135,0.002153846153846062,0.002153846153846062,0.000928643327463452,0.0009874242933863853
0.692,68,23,0.05004161601870563,0.007685889724728004,6.9833813855187445,7.025737111812722,0.04235572629397763,0.692923076923077,0.692923076923077,0.6928906313635538,0.6929193508767586,0.0009230769230770264,0.0009230769230770264,0.0008906313635538288,0.0009193508767586511
0.724,69,22,0.4937684145759624,0.05276258351888535,6.539654586961488,6.980660418018565,0.441005831057077,0.7221538461538461,0.7221538461538461,0.7227850370483558,0.7221888021531947,0.0018461538461538307,0.0018461538461538307,0.0012149629516441385,0.0018111978468052792
0.7559999999999998,73,18,0.7404026580123166,0.5866864372778716,6.293020343525134,6.446736564259578,0.15371622073444502,0.7572307692307693,0.7572307692307693,0.7566733432231811,0.7568970328581324,0.0012307692307694795,0.0012307692307694795,0.0006733432231813552,0.0008970328581325848
0.7879999999999998,73,18,1.0817074085907508,0.984470494536902,5.9517155929467,6.048952507000548,0.09723691405384871,0.7864615384615384,0.7864615384615384,0.7878774053265314,0.7875925487511711,0.0015384615384613776,0.0015384615384613776,0.00012259467346842357,0.000407451248828683
0.8199999999999998,70,21,1.1052249609246079,1.0389670750801836,5.928198040612842,5.994455926457267,0.06625788584442427,0.8215384615384616,0.8215384615384616,0.8202105048430857,0.8202817072331486,0.0015384615384617106,0.0015384615384617106,0.00021050484308582362,0.000281707233148798
